Firefighting,3e4v1b,Tawes,1 point,Tue Jul 21 23:42:31 2015 UTC,"Philly is putting out a test soon. If you're close to that area, that is. They only require a high school diploma, clean background, etc. Ff1 and 2 are bonus points, not required.  Congrats on your first fire! I'm sleepless myself thinking about a wicked job from early this morning. Best job in the world."
Firefighting,3e5ccq,EMTWoods,2,Wed Jul 22 02:04:33 2015 UTC,pppppppffffffffffffffffffffffffffffffff...........WOW  what a hard fucking question...
Firefighting,3e5iey,AbsolvedJordan,1 point,Wed Jul 22 02:53:55 2015 UTC,"My department uses 1.5 at 150 psi and 150 gpm.  It took a little bit of time to get the hang of the weight of the hose and the nozzle reaction.  I personally like to pin the nozzle in between my bicep and my lat and lean into it with a very wide stance.  Grip strength is a really big part of it but you need to try to distribute the force being applied to you as much as possible.  No one part of the body can really handle that kind of pressure adequately for an extended period of time before fatigue sets in.  If it's a defensive stance I take a different approach,  sort of like the position in the video where he has his knee on the hose.  I'll stand with the same wide stance I do when I normally flow it, except I'll stand on the hose with my back foot directly on the hose.  In that position I don't have to stop to get my strength back and can flow until someone tells me to stop.    The most important thing I learned when I was being taught how to handle the hose was identifying my own strengths and seeing how I could apply them.  I'm 6 ft 180 pounds so I had to learn to use the stronger parts to compensate for the weaker parts.    TL:DR Practice son."
Firefighting,3e5iey,NozzelJockey,1 point,Wed Jul 22 03:55:17 2015 UTC,"Unless you have absolutely zero chance of fighting a wildland fire, I see no reason why you'd get rid of the 1.5"" , but that's just me! Anyway...  Like anything else, it takes practice. If over the shoulder isn't working so well for you (with 1.5""), try bringing it under your arm, and let it rest up against your chest, have the nozzle about a 2 or so feet outward, and try and let the rest of the hose hold just left of your knee.  You can almost kink the hose at your chest so that your chest is taking the push back from the pressure.   Reading that, it's really hard to picture in my head. That Tanaka grip is pretty much spot on though.  If you're on a veg fire, over the shoulder is the way to go, but I've never tried that with anything but a 1.5""."
Firefighting,3e23ng,reynolds753,15,Tue Jul 21 10:51:21 2015 UTC,"Fantastic show of how powerful these stabilizers are, but what exactly is he ""maneuvering"" over?"
Firefighting,3e23ng,upvotes__you,6,Tue Jul 21 12:41:35 2015 UTC,I think it could be training for such a situation.  Looks like the the officer's side rear outrigger is trying to maneuver over an imaginary obstacle.
Firefighting,3e23ng,Kibaken,17,Tue Jul 21 13:35:37 2015 UTC,"Are invisible obstacles common in Europe?  Background: I've never been to Europe, but have seen a Harry Potter movie."
Firefighting,3e23ng,atroby91,4,Tue Jul 21 13:50:27 2015 UTC,"Joking aside, it seems to be in front of a firehouse as it looks like a training/burn tower in the background.  Could be training the driver/operator how to successfully maneuver over a barricade or low wall with the outrigger."
Firefighting,3e23ng,Kibaken,4,Tue Jul 21 14:16:11 2015 UTC,"Yeah, this sounds like the best answer. No invisible obstacle should ever stand between a fire company and the safety of their community."
Firefighting,3e23ng,upvotes__you,4,Tue Jul 21 17:16:29 2015 UTC,"As u/kibaken said, this was just a training exercise demonstrating different work modes the alp could achieve. So no actual obstacle as such sorry."
Firefighting,3e23ng,Kills4pie,8,Tue Jul 21 15:09:00 2015 UTC,"I've always been told to never do this to our trucks. I think someone said it could warp the frame, but I'm guessing not all trucks are equal.  Cool maneuver though!"
Firefighting,3e23ng,Envoy_to_the_Stars,5,Tue Jul 21 15:33:00 2015 UTC,http://imgur.com/koiKbGK
Firefighting,3e59uu,Justcatnoises,2,Wed Jul 22 01:44:01 2015 UTC,I definitely looks like you've changed your life around  for the better. There is always a chance.   Look into the department you want to work for and see what their disqualifications are. What was the arrest for? It might be good to wait a bit longer depends on department.
Firefighting,3e59uu,sonbarington,1 point,Wed Jul 22 02:00:44 2015 UTC,Not going into specifics but drunken trespassing that got dismissed with some AA classes
Firefighting,3e59uu,sonbarington,1 point,Wed Jul 22 02:22:38 2015 UTC,So charges were dropped. I would still disclose it on the application. Like said it is department  specific. Just wondering did you ever get it expunged(Not that it will help)?
Firefighting,3e59uu,cstmx,1 point,Wed Jul 22 03:59:46 2015 UTC,"I intend to disclose it fully,  I didn't look into it since charges were dropped and the case dismissed"
Firefighting,3e3tqq,slake119,2,Tue Jul 21 19:13:30 2015 UTC,/u/fireproof1918
Firefighting,3e3tqq,Lemons_Huh,1 point,Tue Jul 21 19:32:37 2015 UTC,"Thanks for the heads up, sent a PM."
Firefighting,3e3tqq,fireproof1918,2,Tue Jul 21 19:45:31 2015 UTC,What patch?
Firefighting,3e0i2j,deansep,5,Tue Jul 21 00:39:59 2015 UTC,"You KNOW if they left and the fire wasn't out he'd be like ""Man those punk ass bitches left here and didn't even make sure my car wasn't on fire anymore!""  My guess is if there wasn't a camera on him he wouldn't be putting on a show."
Firefighting,3e0i2j,unhcasey,8,Tue Jul 21 11:33:43 2015 UTC,People act crazy in times of crisis. I wouldn't judge the guy the car could be the only thing he owned.
Firefighting,3e0i2j,scottsuplol,9,Tue Jul 21 10:27:16 2015 UTC,"Don't stand up for this lowlife. The pants below the ass is an automatic dick sign. Calling someone a ""pussy ass bitch nigga"" would warrant me calling an officer to the scene. I don't care if this is the only thing he owned he could have had a little more respect for someone trying to help him."
Firefighting,3e0i2j,I_Love_Lamps,2,Tue Jul 21 12:12:36 2015 UTC,"The car's owner seems to come up to Firefighter Mahoney's armpit.  I notice that he wasn't directing his derogatory comments at that particular firefighter.  No sense risking a serious ass-whoopin' after you just burned your car up.  Not that Mahoney would have actually smacked his ass around a few times, but one never pokes a bear with a stick."
Firefighting,3e0i2j,WiseCynic,2,Tue Jul 21 13:34:43 2015 UTC,They were certainly nicer about opening the hood than I would have been .
Firefighting,3e0i2j,BigTate2155,2,Tue Jul 21 19:35:48 2015 UTC,"ppl like this man make me have little faith in humanity...  but the ppl like the firefighters, that will do what it takes to help and serve, definitely make the world a better place to be in"
Firefighting,3e0i2j,shanoobergloob,1 point,Tue Jul 21 01:08:51 2015 UTC,Take care of your car and then it wouldn't have been on fire in the first place.
Firefighting,3e0i2j,Echo2496,1 point,Tue Jul 21 15:16:09 2015 UTC,Can happen to anyone.
Firefighting,3e0i2j,g-ff,1 point,Tue Jul 21 23:12:14 2015 UTC,That car is a total loss already. He should be happy he didn't have to witness a probie going to town on it.
Firefighting,3e0i2j,cjgny,3,Tue Jul 21 18:17:55 2015 UTC,"""What's that capt? You think the fire spread to the trunk and need the spreaders got it!"""
Firefighting,3e0i2j,I_Love_Lamps,1 point,Tue Jul 21 19:03:06 2015 UTC,"We need some ventilation? Got it, ill take off the roof!"
Firefighting,3dy1rl,slake119,8,Mon Jul 20 13:51:05 2015 UTC,Strange to so aid workers coming from an african country in to Western country... Good luck America.
Firefighting,3dy1rl,mrcoolguy2303,5,Mon Jul 20 17:02:14 2015 UTC,Not surprising actually. Working on fire is a private company that works exclusively on vegetation fires. It's winter here now so they have nothing to do. They're a jacked up bunch. Whoever is getting them is lucky.
Firefighting,3dy1rl,demoneyesturbo,4,Mon Jul 20 21:50:13 2015 UTC,Worker on Fire   Well...ok
Firefighting,3dy1rl,zukalop,3,Mon Jul 20 16:44:49 2015 UTC,"It's Working, not Worker.  http://www.workingonfire.org/"
Firefighting,3dy1rl,nomofica,1 point,Tue Jul 21 01:50:12 2015 UTC,Ah. I admit that makes more sense. Thanks!
Firefighting,3dy1rl,zukalop,2,Tue Jul 21 13:50:19 2015 UTC,Ya these guys are actually coming to the fire I am currently working on North of Slave Lake.   I believe the plan is for them to shadow us on our line for a couple days so the learn how we fight fires in Alberta.
Firefighting,3dy1rl,xen12,1 point,Tue Jul 21 01:52:45 2015 UTC,140...........?
Firefighting,3dy1rl,miller3131,1 point,Tue Jul 21 04:10:11 2015 UTC,"163 I believe,  the 9000 ha one"
Firefighting,3dy1rl,xen12,1 point,Tue Jul 21 04:26:28 2015 UTC,Right on. Have fun
Firefighting,3dy1rl,miller3131,2,Wed Jul 22 01:32:27 2015 UTC,There's Aussies and kiwis over there at the moment too.
Firefighting,3dy1rl,awhalesvagyna,1 point,Tue Jul 21 04:35:41 2015 UTC,That girl might be picking her nose.
Firefighting,3dy1rl,MrUppercut,1 point,Tue Jul 21 05:13:24 2015 UTC,Announcement showing the whole group on ESRD (Alberta Forestry) fb page.
Firefighting,3dy1rl,FireTaco,2,Tue Jul 21 05:37:01 2015 UTC,"""Near"" Edmonton. There are no wildfires near Edmonton. The closest fires are almost 200 kilometers (130 miles) away from Edmonton, and they're all under control. Foreign firefighters assisting Alberta firetack crews are all headed up north to Fort McMurray which is... 500 kilometers (310 miles) away."
Firefighting,3dyu5p,_Shawzuu_,6,Mon Jul 20 17:20:33 2015 UTC,"I like the initiative, and took the survey, but let me offer this caveat: you're asking very generalized questions and limiting the answers. You're asking absolutes about dynamic scenarios, which is bad news.   You will not be able to get a legitimate data set from the questions as they are."
Firefighting,3dyu5p,elltim92,5,Mon Jul 20 17:41:21 2015 UTC,"It's also not very applicable to this job, unless a FD happens to also do EMS and transport."
Firefighting,3dyu5p,PM_ME_YOUR_KALE,1 point,Mon Jul 20 19:03:13 2015 UTC,"Your flair says NYC, but FD doing ems & transport is pretty common outside cities."
Firefighting,3dyu5p,elltim92,3,Mon Jul 20 22:22:02 2015 UTC,"The first question is a poor question. There's situations under each of those categories in which I would recommend transporting code 3, and there's situations under those categories in which I would not.  Some traumas I'd go code for, and some I wouldn't. For example, falling off a ladder vs falling off the toilet. Those are both trauma calls - in fact, they're both ""Fall"" calls. And you can get even more specific. Maybe they fell off the toilet and hit their head on the corner of the counter and are bleeding severely.   Similarly, there's different types of ""Chest pains"" that require different responses and transports. Chest pains with nothing showing on the monitor and a history of angina? Code 1. Chest pains with symptoms looking like a heart attack confirmed by a medic? Code 3.  I'd keep going, but I think you get the point. So, fuck it. I'm checking everything for that one."
Firefighting,3dyu5p,Gavin1123,2,Mon Jul 20 20:48:41 2015 UTC,"I feel like this are just generalized questions, none of them actually pertain to firefighting. While I am glad to take a survey and help out none of these have straight forward answers."
Firefighting,3dwztl,buddy276,2,Mon Jul 20 05:57:53 2015 UTC,"EMS. They operate 24 hours a day and could work around your schedule. And you get the added benefit of gaining patient contact experience.  I'm in a similar situation as you, work M-W-F 0900-2200 on the ambulance and pick up shifts at the FD on my days off."
Firefighting,3dwztl,Timb707,1 point,Mon Jul 20 13:11:35 2015 UTC,"I am in Ems but they want me to guarantee two specific days a week. I'm going to try and talk to them about a schedule where I can pickup shifts, but I've been told previously that it doesn't work like that anymore."
Firefighting,3dwztl,inane_musings,1 point,Mon Jul 20 17:08:44 2015 UTC,I'm a first-aid trainer and it works well as my employer is ex-emergency services so understands the rostering. First-aid courses are generally short (between one business day and three hours) so it's not an issue if I'm only available a few days a week.  You could also do basic fire-fighting training for businesses (fire warden training and extinguishers etc.)
Firefighting,3dvddi,LAFD,3,Sun Jul 19 20:59:57 2015 UTC,"They also have a Twitter and Facebook presence:  https://twitter.com/NDIFZ  https://www.facebook.com/nodronesinfirezones  Respectfully Yours in Safety and Service,   Brian Humphrey Firefighter/Specialist Public Service Officer Los Angeles Fire Department  Yes, LAFD has an official subreddit at /r/LAFD"
Firefighting,3dvddi,waldrick,2,Sun Jul 19 21:02:35 2015 UTC,"There was a video on here a few weeks ago of a drone encroaching over a structure fire.  In that case the firefighters shot the hose at the drone and there was some debate on here who was correct.  As a firefighter and someone who owns a small recreational drone I would prefer that firefighters be left alone while at a fire scene just like we ask public on the ground to do.  I don't like over restrictive rules on drone operations, but where Public Safety officials are operating I think it's better to give a wide clearance.  There was another video I saw on Youtube of a drone interfering with News helicopters.  It got to within a couple yards of one of them and could have caused issues if they collided.  This is an issue for both sides to work on.  Recreational drone pilots often do not know the laws and may not even know where to look to find the laws or no-fly zone restrictions.  The government entities also need to keep from over using these no fly zones as well.    It's a new technology that will be used for good and bad in the years to come."
Firefighting,3dx3ep,islandtimber,1 point,Mon Jul 20 06:42:51 2015 UTC,"We've never had a wildfire section before. We do have a Wildland section. People have to tag their posts as Wildland. Although some Moderators try to, it gets cumbersome.  To search for a specific topic, enter the following in a search: flair:'Wildland'"
Firefighting,3dv0a1,FireFightersFTW,2,Sun Jul 19 19:09:09 2015 UTC,I'd like to exchange with some international firefighters if anyone is interested!
Firefighting,3dv0a1,AJfromLA,1 point,Mon Jul 20 04:42:26 2015 UTC,Here's the link from the last one.
Firefighting,3dv0a1,N7Spartan,1 point,Sun Jul 19 19:29:21 2015 UTC,"Basically last time some of us pmed each other and swapped shirts If you're interested, message someone from the last thread!"
Firefighting,3dvr6r,LTCEMT,5,Sun Jul 19 22:57:00 2015 UTC,Do what you're told and ask a lot of questions. Volunteers love what they do and are more than happy to teach you if you're willing to learn.   Source: Been a volunteer for almost 20 years
Firefighting,3dvr6r,marshalls,2,Sun Jul 19 23:45:50 2015 UTC,"While I still haven't started myself, this advice goes a long way in pretty much any work situation:  You're new, don't act like you're not. You'll gain everyone's respect a lot faster if you ask questions when appropriate, and gradually become ""one of the guys/crew"". Listen to your Lieutenant, listen to your Captain, etc.. You don't want to be that one new kid that sits at the lunch table one day and tries to act like he's in on all the jokes (you don't want to be ten year old me).  Above all, stay safe, pay attention, follow orders, take all the training you can and ask for more, and be the best version of yourself you can be. Congratulations on getting into the department!"
Firefighting,3dvr6r,scrappydooooo117,2,Sun Jul 19 23:27:44 2015 UTC,50 calls a year?
Firefighting,3dvr6r,MileyTwerk,1 point,Mon Jul 20 02:26:18 2015 UTC,Probably just fire calls. That's what we average...it's rural Wisconsin.
Firefighting,3dvr6r,slake119,1 point,Mon Jul 20 11:23:19 2015 UTC,Right? We're rural and a volunteer department and we are getting close to 550 calls a year.
Firefighting,3dvr6r,spurlockmedia,1 point,Mon Jul 20 20:43:59 2015 UTC,"Just be nice to everybody and learn everything you can from the guys who are good at what they do. Learn to work around the people who suck at what they do, and take what they say with a grain of salt.  Just avoid the drama, have fun, and don't get discouraged by all of the political bullshit."
Firefighting,3dvr6r,ccustoms,1 point,Sun Jul 19 23:33:04 2015 UTC,Experience is the best teacher. Certificates mean very little.
Firefighting,3dt85b,a_to_the_,6,Sun Jul 19 05:49:33 2015 UTC,I really like the homeowners approach to all of this. Seems like a genuinely happy person
Firefighting,3dt85b,ProbablySomeBullshit,4,Sun Jul 19 13:21:27 2015 UTC,"nice vid, funny how where im from, we couldn't fathom leaving our wrench or any equipment at the hydrant lol (just a thought)"
Firefighting,3dt85b,Yeahyeah5150,6,Sun Jul 19 07:10:33 2015 UTC,That's funny because we ALWAYS leave our wrench on the top of the hydrant.
Firefighting,3dt85b,Halligan91,2,Sun Jul 19 17:06:50 2015 UTC,"Yeah, would be scrapped in a second."
Firefighting,3dt85b,johnnyfresno,1 point,Sun Jul 19 19:40:16 2015 UTC,"We have nearly no risk of scrapping but a mentally ill bystander once closed the hydrant with the wrench that was left on it, thinking it was a funny joke. Lesson learned : now our SOP is to leave it under the manifold or by the pump the line is feeding, whichever is closest to the hydrant."
Firefighting,3dt85b,Maheu,1 point,Sun Jul 19 20:23:07 2015 UTC,"Yup our sop is the same for the same reason , people closing our hydrants happens a lot here"
Firefighting,3dt85b,Yeahyeah5150,3,Sun Jul 19 21:59:17 2015 UTC,"Lol at the interior attack nozzleman just dropping his shoulder load at the front door. Talk about kinky.  No flake, no bleed, no time for the engineer to set pressures. Just drop, walk and pray.  The truckies were pretty solid though, just needed a secondary egress sooner."
Firefighting,3dt85b,ccustoms,3,Sun Jul 19 23:40:50 2015 UTC,All truck no engine.   Looks like they fought this Fire from the roof.   Very strange attack compared to what I normally would see
Firefighting,3dt85b,ofd227,1 point,Mon Jul 20 02:31:18 2015 UTC,"Great footage, 10/10, felt like I was there.   He almost followed the firefighters in the front door at one point."
Firefighting,3dtd33,Jesse29841,11,Sun Jul 19 07:01:41 2015 UTC,"that 'not enough air' panic is a mental thing that'll just make you breathe faster subconsciously.   however, consider the reason or motive for the hike. maybe it's more about awareness of SCBAs / air levels / panic at this point than it is about strategies to modify that.   (disclaimer: unless you have claustrophobia) the more time you spend on air = more familiar with it = more comfortable, less panicked.  don't forget that everybody's physiology is unique.  body temps, pulse, respiration rates, stress, mental state...there's so many factors. you probably don't need to stress about it as much as you are at this point (if at all)."
Firefighting,3dtd33,hucklebug,5,Sun Jul 19 07:23:37 2015 UTC,"This. More than likely, this exercise wasn't a test of your ability to regulate air levels. This was just to familiarize you with the feeling of running out of air. You might as well get used to it, by the end of training running out of air will be the norm. And, you'll notice a tank will last you longer and longer."
Firefighting,3dtd33,l33tSpeak,2,Sun Jul 19 14:11:30 2015 UTC,Fuck I remember when my Lt made us run two laps around the burn building on air and then just came by and turned off our bottles to simulate an scba failure. That shit fucking sucks no matter what your fitness level.
Firefighting,3dtd33,nefffffffffff,1 point,Sun Jul 19 17:43:33 2015 UTC,"Iv experienced both sets of failure. Went through training and had an instructor come behind us and unknowingly turn our bottles off as we were searching, likewise did drills until we really did suck down the last breath of air from the bottles. Quite an experience. I wouldnt want to do it again but I do think it was valuable to learn losing air both ways."
Firefighting,3dtd33,deansep,-10,Wed Jul 22 02:37:49 2015 UTC,This.  I am a bot. I love comment circle jerking.
Firefighting,3dtd33,thisbotsays,1 point,Sun Jul 19 14:11:33 2015 UTC,My teacher told us to wear our masks when doing simple things. Like shitting and whatnot. Gets you over the fear of wearing it
Firefighting,3dtd33,Bigcalv,2,Sun Jul 19 23:46:25 2015 UTC,"500 yards on air is a long way to walk in 96 degree heat. A high BP isn't unusual even though you're just walking since you're carrying a large amount of weight between your gear and SCBA and your body is trying to cool itself. That being said it can't hurt to go running once in a while to keep a steady heart rate.  As /u/hicklebug states as well, the air thing is a largely mental, you aren't totally used to the idea of contained breathing as well as having a form fitting mask over your face. Your mind unconsciously panics at the new sensations and your start breathing harder and faster. Since you're just walking it's easier IMO to let your mind focus on breath control and to get that down. Hum, talk to yourself, sing a song, anything to get you to focus on how fast you're breathing and eventually your mind won't associate the sensations with panic"
Firefighting,3dtd33,Stebraul,2,Sun Jul 19 11:52:41 2015 UTC,I always chew gum. It keeps my mouth from getting dry and gives me something to focus on other than breathing. One foot in front of the other!
Firefighting,3dtd33,whitneyffemt,5,Sun Jul 19 13:31:24 2015 UTC,I find chewing gum tends to break the mask seal around my jaw.
Firefighting,3dtd33,MikeyDread,2,Sun Jul 19 14:43:07 2015 UTC,The best thing for air consumption is lots of cardio.  Get your resting heart rate down and you'll start to see a difference.
Firefighting,3dtd33,MikeyDread,2,Sun Jul 19 14:46:57 2015 UTC,"Focus on your breathing. Theres multiple different techniques. Find one thats right for you. In addition, take some time and get used to the feeling of being masked up and on air. Train more with it. Get comfortable with it. When your geared, packed, and masked up on air your body will work harder. Its extra weight. Biggest thing I can say is just try some different breathing techniques and get used to the pack/weight/restrictions. Personally the moment I mask up my body instantly reacts and my breathing slows and I think I take slightly bigger breaths but less often. Honestly I dont even focus on it anymore, its just natural."
Firefighting,3dtd33,deansep,1 point,Sun Jul 19 15:24:39 2015 UTC,"Do they still teach the ""half breath in, half breath in, full breath out"" technique?"
Firefighting,3dtd33,BigTunaTim,1 point,Sun Jul 19 17:12:12 2015 UTC,Depends. I know some places teach skip breathing. But personally in the two academies iv been thru it was more of a find what works for you attitude.
Firefighting,3dtd33,deansep,1 point,Sun Jul 19 18:57:30 2015 UTC,Thanks. I trained as a junior volunteer in the early '90s and was just curious about what has survived the realities of experience. Back then there were no IR cameras and water curtains were still stubbornly clung to by a few holdouts.
Firefighting,3dtd33,BigTunaTim,1 point,Sun Jul 19 19:30:21 2015 UTC,"Hey now. Water curtains can still be a good thing. But thats more so on the ARFF side of things, or exposure protection with structural.   IR Cameras are crap. Sure theyre useful but ours? Batterys dead. Even when charged itll be in use for 5 minutes max then dies. Thats the only thing I dont like about the new technology, sure its great. But we need to know how to go back to the basics if it fails us. (Also, for those engineers that want to improve things for the fire service... Batterys. Can you make some that wont ""overcharge"" or run dead within minutes when its taken off the charger after an extended period of non use? Even our multi raes go dead rather fast too)"
Firefighting,3dtd33,deansep,1 point,Sun Jul 19 22:41:46 2015 UTC,"Water curtains were developed based on a flawed understanding of fire spread. Unless they're applied directly to an exposure they do nothing to prevent radiant heat transfer. While I can't imagine a situation where they would be useful in ARFF, they are confirmed useless in conventional structural firefighting."
Firefighting,3dtd33,BigTunaTim,2,Sun Jul 19 22:53:09 2015 UTC,When I say water curtain for ARFF I mean like full fog putting the curtain infront of you. Which can be useful if your trying to get to say a shut off for something and need to get closer to the heat than you would otherwise like
Firefighting,3dtd33,deansep,2,Sun Jul 19 23:12:08 2015 UTC,"Oh sure, of course. I was referring to the actual water curtain devices that were deployed between an involved building and an exposure to (unsuccessfully) prevent fire spread."
Firefighting,3dtd33,BigTunaTim,1 point,Sun Jul 19 23:58:43 2015 UTC,Im not too familiar with such a device
Firefighting,3dtd33,deansep,1 point,Mon Jul 20 00:07:05 2015 UTC,"I was initially taught skip breathing as well when I came into the fire service. When I went through Smoke Diver they did everything they could to remove that from our toolbox.   This is what we were explained -  Why do you breathe? Your respiration is not based on inhaling oxygen but instead on expelling carbon dioxide. What happens if you skip breathe? You are not expelling carbon dioxide at enough of a rate which is causing a buildup in your system. Skip breathing will work - for a short period of time. After that period of time, your body realizes that you have too much carbon dioxide in your system and, ultimately, you will end up huffing and puffing until you have expelled enough carbon dioxide.  This made sense to me and I was taught more effective ways to regulate and control my breathing."
Firefighting,3dtd33,SmokeDiver189,2,Mon Jul 20 03:03:31 2015 UTC,Getting in better shape will help. Stairmaster and stairmaster with weighted vest is the best you will find. besides that just getting comfortable being on air will help. you will learn to control you breathing better  like others have said this is just a trial. dont be discouraged just keep on at it and youll be fine. Mask confidence course is where some people will decide whether or not this job is for them.
Firefighting,3dtd33,MRDEUCE,2,Sun Jul 19 15:55:15 2015 UTC,"Not unusual to freak out a bit your first time on air, regulated breathing is entirely new to you. Once you go on air a few more times, it becomes automatic, and you can really learn how to stretch a bottle. Check your mask for leaks too, those will drain your air right out."
Firefighting,3dtd33,Micr0waveMan,1 point,Sun Jul 19 18:22:13 2015 UTC,Best advice I can give is to take the pack and walk around while controlling your breathing.
Firefighting,3dtd33,BubblingMonkey,1 point,Sun Jul 19 15:00:36 2015 UTC,First time on air is always brutal. Don't sweat it. I'm sure they'll teach you skip breathing in time. They just wanted to see how you handled the apparatus and to let you feel it. Someone had to be first to run out. Don't worry.
Firefighting,3dtd33,demoneyesturbo,1 point,Sun Jul 19 20:55:34 2015 UTC,"Work on your cardio, and train as safely as possible in heat conditions (middle of day, etc.) you might wanna try incorporating metabolic breathing ladders into your workouts as well. This is all gonna come down to training. How much do you want it, and how hard are you willing to work for it? good luck"
Firefighting,3ds11a,meconiumstain,1 point,Sat Jul 18 22:15:26 2015 UTC,I had to look up what meconium was for your username...greatly concerned
Firefighting,3ds11a,Stebraul,1 point,Sun Jul 19 02:33:58 2015 UTC,Indeed he is a shit stain.
Firefighting,3ds11a,sirdroosef,1 point,Sun Jul 19 17:04:55 2015 UTC,"Well done.   I'm curious where you landed. I know people like their online privacy, so I understand if you don't want to spill the beans.   I only ask because I have some buddies on the job in California, and I might be able to make some phone calls and line you up for some hilarious probie pranks."
Firefighting,3ds11a,sawff,1 point,Sun Jul 19 17:37:07 2015 UTC,"advice may have been given, but you did the work!! well done :D"
Firefighting,3drchn,atroby91,10,Sat Jul 18 18:38:47 2015 UTC,I'm actually surprised you don't have them already.
Firefighting,3drchn,FireFightersFTW,2,Sat Jul 18 19:34:14 2015 UTC,Me too. A couple guys bought their own.
Firefighting,3drchn,toyotawalter,2,Sat Jul 18 20:12:03 2015 UTC,In the midwest pike poles are everywhere. When I got hired by a department that used hooks I couldn't believe that pike poles didn't cease to exist after the invention of the NY hook.
Firefighting,3drchn,just_an_ordinary_guy,1 point,Sat Jul 18 22:15:53 2015 UTC,"Same here in PA.  We don't have any real NY Hooks, though some guys call it that.  It is a six foot with fiberglass handle and is the fake NY hook head (the kind that doesn't come to a point, if you know what I mean.  Can't think of the technical term)."
Firefighting,3drchn,antoniusmilo,3,Sun Jul 19 06:05:30 2015 UTC,I LOVE the wall-scaling technique.  That is super cool.    Question: @ 4:00 guy pokes holes in the door with the halligan.  What purpose does that serve?
Firefighting,3drchn,AR15__Fan,4,Sat Jul 18 19:34:35 2015 UTC,"I think that he was bending the metal of the door, to widen the crack; so that the haligan can fit."
Firefighting,3drchn,PURRING_SILENCER,3,Sat Jul 18 20:14:19 2015 UTC,This is the reason. Gotta have a purchase point :)
Firefighting,3drchn,Kidrobot727,-4,Sat Jul 18 21:43:14 2015 UTC,he isn't so much making a purchase point as he is diminishing the lateral strength of that part of the door. That way it is easier for him to get a purchase point on the door with the halligan.
Firefighting,3drchn,badbadpet,4,Sun Jul 19 09:04:12 2015 UTC,"Bends the door enough so that the end that's against the jamb on the lock side gives you some ""daylight"" for you to place your tool. Mike Perrone explains here. Specifically at the 10:20 mark. (Sorry I'm uploading from mobile) http://youtu.be/Jv4fkhQTuhA"
Firefighting,3drchn,PM_ME_YOUR_KALE,2,Sun Jul 19 03:05:33 2015 UTC,"As others have said he was creating a spot to make a purchase in the door. Outward opening doors often have very tight jams and if you are by yourself you don't have anybody to hit you in with an ax. That segment is an excellent example of the usefulness of a halligan and halligan hook (what they're called here, alternatively the roof hook) when by yourself.  Also worth noting in the beginning when they show 2 guys using a halligan hook to leverage a halligan. If there are 2 of you somewhere there should probably be 2 halligans and 2 hooks (each roof/OV FF carries 1 of each). An easier option is joining the halligans at the forks and getting the added leverage that way. It'll stay together a lot easier."
Firefighting,3drchn,Hook-n-Irons_TCo,1 point,Sat Jul 18 23:07:28 2015 UTC,"I've tried forcing doors both the ways you were talking about. Honestly, with practice I've done both just as easily. And when trying to force a door solo, the hook bar method is a great way to get more leverage"
Firefighting,3drchn,PM_ME_YOUR_KALE,1 point,Sat Jul 18 23:40:55 2015 UTC,"Of course, when solo you don't have the luxury of another guy helping. Just mentioning if there are 2 people there there will presumably be 2 halligans and that's an easier way to get leverage."
Firefighting,3drchn,throwaway07314,1 point,Sat Jul 18 23:42:28 2015 UTC,How do you do it solo without them slipping apart? I've only ever seen two man with one holding them married and the other applying leverage.
Firefighting,3drchn,Hook-n-Irons_TCo,1 point,Mon Jul 20 00:24:40 2015 UTC,"http://imgur.com/mI7WfUh  Essentially you're holding pressure against the pike with the pry end to hold that in place, you're holding the hook against the forks with one hand and the rest of the hook with the other."
Firefighting,3drchn,Ithacan,2,Mon Jul 20 02:39:29 2015 UTC,I LOVE some good roof hook action. You can bring down a ceiling in no time flat with those bad boys.
Firefighting,3drchn,sawff,1 point,Sun Jul 19 05:31:03 2015 UTC,"I use the heck out of this tool when I'm inside. But even though it's called a roof hook, I never use it on the roof."
Firefighting,3drchn,Yeahyeah5150,-4,Sun Jul 19 17:33:33 2015 UTC,"neat tool, no use for it in the west coast though"
Firefighting,3drchn,sawff,5,Sun Jul 19 06:55:11 2015 UTC,"I'm sure West coast firefighters force doors, pull ceiling, pry bars from Windows, open walls, and perform searches."
Firefighting,3drchn,RobertTheSpruce,-3,Sun Jul 19 17:04:12 2015 UTC,I'd imagine that they have another long hook type thing that can accomplish those tasks just as well.
Firefighting,3drchn,sawff,2,Sun Jul 19 18:07:18 2015 UTC,"If there is one, I haven't seen it.   Not a fan of fiberglass or wooden handled tools, as they break easier.   The NY hook is designed to pull and pry. It has three well designed fulcrum points on it, and can quickly work as a class one or two lever.   The other ones are just basic pokey-pullies. They're nice, but not it the same league."
Firefighting,3drchn,DeathByFarts,3,Sun Jul 19 18:50:02 2015 UTC,I really hope that was an attempt at humor based on the name of the tool.
Firefighting,3dsy9m,FoxyFangs,3,Sun Jul 19 03:51:43 2015 UTC,You should probably include some general info about location/experience and such. If you don't hear from anyone here have him call the local department(s) and speak with someone in recruiting. They'll be able to offer a lot of information for him
Firefighting,3dsy9m,batmanorsuperman,1 point,Sun Jul 19 04:16:10 2015 UTC,Who is he trying to reach out to? Someone whos been in 20 years? Just graduated from an academy? Big dept? Small dept? DoD? Wildland?
Firefighting,3dsy9m,deansep,1 point,Tue Jul 21 00:49:35 2015 UTC,"Yeah I guess it depends what your friend is looking for but feel free to pm me if wanted I can answer any questions if I could be a help, I have a little time at a paid on call department before and now work full time at a busy urban department, let me know if I can help"
Firefighting,3dsy9m,fightfire13,1 point,Tue Jul 21 03:21:45 2015 UTC,"Tell him to contact a local department. They'll be able to provide the more specific answers that he's looking for. Unfortunately many questions in the fire service are answered by ""it depends on the department""."
Firefighting,3dqu3c,FireFightersFTW,2,Sat Jul 18 15:55:26 2015 UTC,"""Structural and Wildland""  Every firefighter in CA is a wildland firefighter."
Firefighting,3dqu3c,johnnyfresno,1 point,Sun Jul 19 19:45:56 2015 UTC,Jesus Chrysler. Put the fucking drones away people.
Firefighting,3dqu3c,mcflannelman,1 point,Sun Jul 19 04:30:27 2015 UTC,"Hey guys, I'm moving to California after medic school next year to the Sonoma County area. How do I get on a wildland team like this? I'm a volley here in Florida and brush fires are my passion."
Firefighting,3dqu3c,DeadlyRadiatedBanana,3,Sat Jul 18 17:27:33 2015 UTC,Look into getting a job with CalFire.
Firefighting,3dqu3c,OPClassy,2,Sat Jul 18 17:41:31 2015 UTC,"What would I need to get on? I have my s130 and s130, NREMT-B and Fla FF2 and other random certs"
Firefighting,3dqu3c,DeadlyRadiatedBanana,2,Sat Jul 18 18:13:28 2015 UTC,"Cal fire wildland cert. 67 hour cert is what it uses to be caked, nor sure if that's still it. Some community colleges offer the course or do am entire academy out here that offers it"
Firefighting,3dqu3c,Dan_Teh_Man,1 point,Sat Jul 18 18:31:15 2015 UTC,"This what I was able to fund for you: http://calfire.ca.gov/about/about_careers_fireprotection.php#1 The way I'm doing it is a bit differently. I took some college courses, got some certs that I'm sure you have already, I'm going to start to volunteer in August, and from there work my way in, since I'll be working with CalFire quite a bit. Sounds like you got a lot of what they like!"
Firefighting,3dqu3c,OPClassy,1 point,Sat Jul 18 19:49:51 2015 UTC,Sounds like CalFire is your way to go!
Firefighting,3dqu3c,WaresJake,1 point,Sat Jul 18 18:00:44 2015 UTC,The santa rosa junior college is in sonoma county. They used to have just the 67 hour class but I think its exclusive to the ff1 academy at the SRJC.
Firefighting,3dqu3c,dknowles,1 point,Sat Jul 18 21:47:40 2015 UTC,He was talking about the drone slowing response time?  I'm interested! Anyone have more information?
Firefighting,3dqu3c,HIPPYcheese,5,Sat Jul 18 18:01:00 2015 UTC,"I literally just got off this fire. People are flying drones around wild fires to take video and as a result, aircraft are forced to suspend air attack operations. Aircraft fly and drop retardant/water around the same height as one these drones. The pilots are concerned about colliding with one of these drones and causing the aircraft to crash. This also happened on the Lake and Sterling fire."
Firefighting,3dqu3c,joeytshirt,1 point,Sat Jul 18 18:30:53 2015 UTC,I found this. Not much additional really.
Firefighting,3dqu3c,pizzaman2012,1 point,Sat Jul 18 18:11:58 2015 UTC,"When the drones are in the air they refuse to send in Air tankers due to the possibility of a collision and subsequent risk for crash, Therefore as long as the drones were in the air it delayed aerial firefighting operations which on a wildfire are crucial, From what I hear it was a 15-20 minute delay."
Firefighting,3dtwne,ToastyForce,11,Sun Jul 19 12:40:02 2015 UTC,I was really hoping to find something more humorous
Firefighting,3dtwne,forkandbowl,16,Sun Jul 19 13:14:31 2015 UTC,"Why do we embrace bad poetry?  I get the sentiment behind it and all, but seriously....this poem is cringeworthy as a piece of prose."
Firefighting,3dtwne,ElBomberoLoco,2,Sun Jul 19 13:46:25 2015 UTC,"Does it really rhyme ""move"" with ""loose""?  It's obvious they meant the word ""lose"", buuuut, this is like, printed and distributed with a 3rd grade spelling mistake on it."
Firefighting,3dtwne,mortanian,3,Sun Jul 19 18:25:07 2015 UTC,"I'm thinking it's a spelling error and they meant ""lose""...but I didn't even catch that part because my brain hurt from the clumsy, disjointed writing.  You can write free verse, or you can go for rhyming....but you can't do the same.  Also....I'm an Atheist, not married and don't have any kids....so fuck me, I guess?  And since there's usually one or two people to say ""If it's so easy...why don't you try it?""  Here's one I wrote:  If I should fall  among ashes and flame  carve a plaque  to bear my name  share all of the glory  and none of the blame  For you, I swear  I'll do the same"
Firefighting,3dtwne,ElBomberoLoco,-4,Sun Jul 19 18:51:41 2015 UTC,"I'm all about humor, but my chief put this up the other day and it gets to me for some reason. I just wanted to share with yall in case you found it as nice as I do"
Firefighting,3dtwne,dUc0N,8,Sun Jul 19 13:21:05 2015 UTC,"Cringe aside, that bothers me as an atheist. It would make me worry that as good as I might ever become, I'm not really welcome in the firehouse because my religious views don't agree with those of the leadership."
Firefighting,3dtwne,ElBomberoLoco,0,Sun Jul 19 14:12:01 2015 UTC,"Everyone is welcome in the firehouse as long as they work hard and stay loyal to their brothers. No one gives a shit about religion, race, gender, heritage. Everyone who invests their life and puts it on the line in this service is a fellow brother and sister."
Firefighting,3dtwne,g-ff,7,Sun Jul 19 14:34:34 2015 UTC,"No one gives a shit about religion, race, gender, heritage.   In theory, yes.  In practice, no.  Racism, sexism, homophobia and religious discrimination are rampant in the US Fire Service.  Of course, your mileage may vary from department to department.....but it's wholly disingenuous to portray the fire service as some kind of paragon of open minded equality."
Firefighting,3dtwne,EMTWoods,3,Sun Jul 19 15:30:40 2015 UTC,Not only the US. The whole word. FF resemble the popuation.
Firefighting,3dtwne,ElBomberoLoco,3,Sun Jul 19 18:12:47 2015 UTC,"Can confirm. I've been with two different rural departments, one in the Midwest and one in the South. On the surface they both seem very friendly and inclusive. Spend some time in each, and the perception changes.   The station in the Midwest would be up in arms if a minority was ever hired. Casual racism is so rampant that I have a hard time being around the station when we do not have a call going on.   In the South, we said a prayer to the Christian God before every meeting. We also had the Firefighters Prayer on the wall. You could be atheist or agnostic, but you did not bring it up. People were friendly and treated you like family up until they found out you did not believe as they did. They were open to minorities, and a couple of our officers were gay, but the acceptance stemmed from the fact that they were Christian."
Firefighting,3dtwne,johnnyfresno,2,Mon Jul 20 14:57:54 2015 UTC,"I work in suburban NJ and it's nothing to hear the word ""nigger"" around the firehouse....and not in that cautious-look-behind-both-shoulders-before-you-say-it kind of way, either."
Firefighting,3dtwne,forkandbowl,3,Mon Jul 20 15:02:09 2015 UTC,"""Everyone is welcome...""  Believe me, the ""Firefighters Prayer"" poster does not exactly act as a welcome sign for non-Christians.  Edit: I just realized the title on the poster is FireMAN's prayer. Another example of welcoming all."
Firefighting,3dnw9s,Timb707,57,Fri Jul 17 20:19:10 2015 UTC,"I sexually Identify as a fire engine. Ever since I was a boy I dreamed of soaring down the street spraying water on fires. People say to me that a person being an apparatus is Impossible and I'm fucking retarded but I don't care, I'm beautiful. I'm having a plastic surgeon install strobes, pump and Lights on my body. From now on I want you guys to call me ""Engine 1"" and respect my right to drive code 3 and speed needlessly. If you can't accept me you're a truckphobe and need to check your vehicle privilege. Thank you for being so understanding."
Firefighting,3dnw9s,Tawes,24,Fri Jul 17 23:08:21 2015 UTC,"Also, Caitlyn Squadcar is the bravest vehicle I've ever seen."
Firefighting,3dnw9s,SmokeySaysWhoaThere,5,Sat Jul 18 00:02:23 2015 UTC,"This is beautiful, and you are beautiful Engine 1. So brave."
Firefighting,3dnw9s,firesquasher,5,Sat Jul 18 12:21:10 2015 UTC,Your flair has been updated to reflect your change.
Firefighting,3dnw9s,normandy34,1 point,Mon Jul 20 11:37:40 2015 UTC,So courageous.
Firefighting,3dnw9s,g-ff,12,Sat Jul 18 19:13:21 2015 UTC,How do you become a firetruck?
Firefighting,3dnw9s,Curri,11,Fri Jul 17 21:15:47 2015 UTC,It's the evolution of a Truckie; when given a fire stone.
Firefighting,3dnw9s,steamBommer29,10,Fri Jul 17 23:08:09 2015 UTC,Did it go a little something like this?  ....i need more hobbies
Firefighting,3dnw9s,Curri,4,Fri Jul 17 23:40:10 2015 UTC,What? No hook!?
Firefighting,3dnw9s,PURRING_SILENCER,3,Fri Jul 17 23:42:59 2015 UTC,That can't be an evolution of a truckie. It looks like it carries water...
Firefighting,3dnw9s,SilverBazooka10,2,Sat Jul 18 02:30:57 2015 UTC,Very interesting Fire and Water type.
Firefighting,3dnw9s,steamBommer29,1 point,Wed Jul 22 02:44:19 2015 UTC,"Firefighters are water type. Think about it, they're super-effective to fire!"
Firefighting,3dnw9s,MrGeneParmesan,2,Wed Jul 22 02:46:29 2015 UTC,"Dream big, kids!!"
Firefighting,3dnw9s,ABucketFull,2,Fri Jul 17 21:20:15 2015 UTC,"See, mom! I can be ANYTHING! Ha-HATERS!"
Firefighting,3dnw9s,Praetor80,2,Fri Jul 17 22:17:13 2015 UTC,Pump op? :)
Firefighting,3dnw9s,thenecro,2,Sat Jul 18 00:07:40 2015 UTC,Living the dream.
Firefighting,3dnw9s,MrUppercut,2,Sat Jul 18 03:03:40 2015 UTC,Same goal as Ralph from the simspsons
Firefighting,3dnw9s,DreadPiratesRobert,1 point,Sat Jul 18 04:07:42 2015 UTC,"I have ""Became a Dorito"" on mine. This is pretty funny."
Firefighting,3dnw9s,karazykid,1 point,Sat Jul 18 07:27:06 2015 UTC,How do you do things like that on Facebook?  I can barely figure out how to search for people.
Firefighting,3dnw9s,DreadPiratesRobert,1 point,Sat Jul 18 12:58:11 2015 UTC,"From your timeline you can create a life event or some such nonesense. It can be whatever you want, and you can choose an icon or a picture."
Firefighting,3dnw9s,karazykid,1 point,Mon Jul 20 02:10:42 2015 UTC,"Hmm interesting, thanks"
Firefighting,3dnw9s,Mercury-7,1 point,Mon Jul 20 15:52:51 2015 UTC,Typical truckies...
Firefighting,3dmg2c,slake119,7,Fri Jul 17 13:38:05 2015 UTC,Locate Cooler Establish Shade
Firefighting,3dmg2c,HazeGrey,6,Fri Jul 17 17:05:46 2015 UTC,Found the helicopter crew member.
Firefighting,3dmg2c,Hellbilly_Slim,4,Fri Jul 17 22:04:43 2015 UTC,Haha you know what I didn't even realize the picture already said it too until just now. I saw the thumbnail and assumed it was the real LCES.
Firefighting,3dmg2c,HazeGrey,2,Fri Jul 17 22:14:32 2015 UTC,or the pilot
Firefighting,3dmg2c,your_mother_trebek12,5,Sat Jul 18 03:11:13 2015 UTC,Look Cool Every Second. Everything else is optional
Firefighting,3dmg2c,Dan_Teh_Man,3,Fri Jul 17 16:57:06 2015 UTC,"""We're about to engage""  ""Do you have LCES in place?""  ::Rolls up sleeves and puts on RayBans::  ""Ooooohhh yeeeeahhhh"""
Firefighting,3dmg2c,vincopotamus,3,Sat Jul 18 02:06:35 2015 UTC,The primary tool for the FOBS is a well-stocked ice chest.
Firefighting,3dmg2c,smokeybehr,1 point,Fri Jul 17 16:02:28 2015 UTC,I'm planning on FOBS being my retirement qual to go make money for a few weeks
Firefighting,3dmg2c,vincopotamus,1 point,Sat Jul 18 02:03:15 2015 UTC,"Lookouts, Communication, Escape Routes, Safety Zones."
Firefighting,3dmg2c,0t1sdrugs,3,Fri Jul 17 15:17:46 2015 UTC,"Well, you're not wrong..."
Firefighting,3dolrg,Spitfire8520,1 point,Fri Jul 17 23:47:48 2015 UTC,"A rapid spreading brush fire that started around 14:30 local time crossed the I-15 freeway. The fire caught dozens of cars on fire and is now actively spreading from car to car. Initial reports are saying a MCI has been declared for the incident.  Crews are having difficult time gaining access to the body of the fire due to a multitude of abandoned vehicles. There are active helicopter drops being used to try to reduce the vehicle to vehicle spread. The initial estimates are that around 80 vehicles have been abandoned on the highway. Crews are having to lay a significant amount of hose down the freeway to try get water on the fire.  This incident is operating within the larger wildland fire incident with a large number of evacuations with structures being threatened. The overall size of the wildland fire is currently at around 2,000 acres.  Additional live video: http://ktla.com/on-air/live-streaming/  Live radio feed is available at: http://www.bigbearscanner.com/"
Firefighting,3dpdo4,GymSqwuirrel,10,Sat Jul 18 04:10:15 2015 UTC,People apply to be a firefighter for years try not to feel entitled
Firefighting,3dpdo4,MileyTwerk,5,Sat Jul 18 04:45:26 2015 UTC,"Couldn't agree more.  Op, you didn't get selected because clearly there were better candidates.  Did you get a 100% on all of the tests? If you didn't, train to get that 100 next hiring period."
Firefighting,3dpdo4,ccustoms,3,Sat Jul 18 16:59:03 2015 UTC,"There are more than likely hundreds of candidates, many of whom also have millitary points and certifications.  Many probably have more experience as well. Also if it's a big dept there is probably a long waiting list, and they found the people they needed before they got to you."
Firefighting,3dpdo4,bigsexy63,2,Sat Jul 18 15:59:06 2015 UTC,OP are you saying you haven't even gotten to the interview yet?  How does the whole process work in your area?
Firefighting,3dpdo4,dontbthatguy,1 point,Sat Jul 18 14:05:23 2015 UTC,The way that department works is you take the physical agility test and turn in your background paperwork (I met no disqualifications) you wait for them to ask you to interview. They emailed me saying they completed their last interview.
Firefighting,3dpdo4,dontbthatguy,1 point,Sat Jul 18 14:34:51 2015 UTC,"That is odd then. It seems like you are qualified.   I will say however, knowing firefighting is great, but when you go to the academy it can actually hurt you. It is good to have the experience, but in the academy you have to be a blank slate and be ready to learn ""the academy"" way. No instructors there care what certs you are because in the academy you are brand new and don't know shit about shit.   The know-it-alls in the academy usually do poorly and get bad raps."
Firefighting,3dpdo4,rick_snagwell,2,Sat Jul 18 16:12:49 2015 UTC,be a medic.
Firefighting,3dpdo4,jps2777,3,Sat Jul 18 05:24:52 2015 UTC,"Only if you actually want to do EMS, please. As a paramedic, I (and most other medics) can't stand the culture of ""get your medic if you wanna be a firefighter."" If you don't actually care about being a paramedic, please don't become one. It just leads to shitty patient care and poor attitudes down the line."
Firefighting,3dpdo4,VVangChung,2,Sat Jul 18 05:45:31 2015 UTC,"Unfortunately, more and more departments are requiring paramedic. It's getting to the point where more departments than not are requiring it.  Good patient care can still be achieved even though a firefighter may not be 100% passionate about EMS."
Firefighting,3dpdo4,scottsuplol,1 point,Sat Jul 18 14:39:47 2015 UTC,"Yes, I want to go medic, I want to help as many people I can.   And I apologize if I seemed entitled. It's just a confidence boost when you're told you would be a good candidate, and the passed on by."
Firefighting,3doo7e,jenivede,1 point,Sat Jul 18 00:09:37 2015 UTC,"As long as you haven't gotten any more and have a clean record now. Probably won't be a big issue..be sure to be upfront about it though, do not try to hide it. If it was a felony charge and it becomes a problem you could see about getting the recorded expunged."
Firefighting,3doo7e,ffmedic09,2,Sat Jul 18 00:42:36 2015 UTC,Fortunately it is a misdemeanor
Firefighting,3doo7e,needscowbell,1 point,Sat Jul 18 01:42:15 2015 UTC,Get it sealed anyways.
Firefighting,3doo7e,AJohns91,1 point,Sun Jul 19 18:54:44 2015 UTC,Depends on the department. I know for where i work it is disqualifying within 5 years of the conviction. Volunteer wise it would also depend on the department. Probably wont be driving for a while.
Firefighting,3doo7e,rick_snagwell,1 point,Sat Jul 18 00:44:27 2015 UTC,"ive heard 7 years.  and if any driving involved, ambulance or tender, etc...you will be skipped over for sure."
Firefighting,3doo7e,scottsuplol,1 point,Sat Jul 18 05:26:02 2015 UTC,At least it my area it will be tough. They will take someone who is way under qualified than someone with a DUI charge
Firefighting,3doo7e,needscowbell,1 point,Sun Jul 19 06:04:18 2015 UTC,2011?   Pay to get it expunged or sealed.
Firefighting,3doo7e,kenks88,0,Sun Jul 19 18:54:26 2015 UTC,There's no such thing as pre-med. You're in sciences.
Firefighting,3dm2xa,CranK561,2,Fri Jul 17 11:07:59 2015 UTC,Good to see them using steelies. The 20 extra pounds on your back during training makes a huge difference.
Firefighting,3dm2xa,ccustoms,2,Fri Jul 17 14:10:23 2015 UTC,PBSC??? I went there for Fire as well! Definitely don't miss the steel packs!
Firefighting,3dm2xa,SeaBass561,2,Sat Jul 18 00:21:13 2015 UTC,"Funny I came to the comments to see if he said where it was from, certainly reminds me of the PBSC grounds (or PBCC when I went through)"
Firefighting,3dm2xa,brk2733,1 point,Sat Jul 18 01:17:48 2015 UTC,Yeah I belive I was the first pbsc fire class. 68!
Firefighting,3dm2xa,SeaBass561,1 point,Sat Jul 18 01:37:37 2015 UTC,"STEP!  STEP!  STEP!  STEP!  ...sorry, just had flashbacks from my week-long Part 5/6 course at the Alberta Fire Training School in Vermilion, AB... (the course name & school name, if you've been there, should tell you just how long ago I took it) - we had to wear street clothes, Nomex coveralls over that, and full bunker gear over that of course, and do evolutions like this in 30C weather. I'm surprised we didn't have more people dropping in those conditions, but we were rehabbed well I suppose."
Firefighting,3dm2xa,Jay911,1 point,Fri Jul 17 14:25:15 2015 UTC,Cadence!
Firefighting,3dnas2,ABucketFull,1 point,Fri Jul 17 17:39:10 2015 UTC,Hey good for you man! Make sure to keep learning and never stop training
Firefighting,3dnas2,ChathamFire,2,Fri Jul 17 18:43:56 2015 UTC,"Thank you! And I want to be a bigger asset, so I have been looking into classes around the new department."
Firefighting,3dn5ns,polobro11,6,Fri Jul 17 17:01:55 2015 UTC,They don't care just have you emt
Firefighting,3dn5ns,MileyTwerk,2,Fri Jul 17 17:07:16 2015 UTC,"I am going to say it is different in all scenarios/departments/cities, but I have an AAS Fire Science degree and it hasn't done a damn thing for me."
Firefighting,3dn5ns,karadorde,2,Fri Jul 17 17:24:13 2015 UTC,In my city you get extra 2.5% for an as degree and 5% for a bachelor's it doesn't really matter what it's in as long as you have it.  Edit: it's good to have one non fire related incase you get hurt and medically retired you have something to fall back on.
Firefighting,3dn5ns,isawfireanditwashot,1 point,Fri Jul 17 19:10:39 2015 UTC,"At least around where I live (Illinois) A lot of departments give points for having a fire science degree. That's why I am currently working on a four year degree in that field along with getting a paramedic certification. That could be just for around me though so your situation could be different. I would say that having a degree can do nothing but help you get noticed/hired, but on top of that you defiantly want to get some sort of medical certification for sure."
Firefighting,3dn5ns,monkeyrectum,1 point,Fri Jul 17 18:17:27 2015 UTC,A fire science degree is useful if you are going to get into the business of designing fire suppression systems or code enforcement. You don't need it to be a firefighter.
Firefighting,3dmry5,ThrowawayFD707,8,Fri Jul 17 15:16:21 2015 UTC,"So the officers didn't offer any direction, then got butt hurt when the firefighters didn't do what the officers wanted them to do? Sounds like a lack of leadership there.   Yes, you'll probably get more flack about it, but don't sweat it. Leave it in the past while you work towards your future. And make a mental note: one day, you'll be the deputy chief. Think about how you'd have handled the situation. What would you do?"
Firefighting,3dmry5,sawff,3,Fri Jul 17 16:01:10 2015 UTC,"Ask them what they want you to do in the future. If that happens in the future, ask them if they want you to do what they told you in the past. Just because they're shitty leaders doesn't mean you can ignore them, unfortunately."
Firefighting,3dmry5,sirdroosef,3,Sat Jul 18 13:17:43 2015 UTC,Ask to have a debrief.
Firefighting,3djvpx,DanielRodriguez98,16,Thu Jul 16 21:26:56 2015 UTC,"That, ladies and germs, is the proper use of a 2 1/2"" inch line and a booster tank.  Not all better but a great start.   Strong work!"
Firefighting,3djvpx,BeltfedOne,7,Thu Jul 16 23:58:56 2015 UTC,Put water on the Fire and it goes out.  It's always amazing how little water can go a long way
Firefighting,3djvpx,ofd227,7,Fri Jul 17 00:19:54 2015 UTC,"I wouldn't call a 2.5 inch a little water, but yeah good knock down."
Firefighting,3djvpx,Pepper-Fox,4,Fri Jul 17 01:33:52 2015 UTC,Very little amount of misused water. Those guys did awesome with what they had.
Firefighting,3djvpx,Ithacan,7,Fri Jul 17 05:54:06 2015 UTC,"Big fire = big line, excellent use of a deuce and a half to start knocking down the main body of fire. Good to see them deploy quickly and start getting water on it. Overhaul is going to be a bitch though."
Firefighting,3djvpx,Nervegas,5,Fri Jul 17 00:25:27 2015 UTC,"Once had a veteran member tell me that firefighting is ten percent fighting fire, and ninety percent overhaul. I'd say it's likely more of a 5:95 split..."
Firefighting,3djvpx,EMTWoods,5,Fri Jul 17 03:51:34 2015 UTC,Especially in garden style apartments like that. Hot spots hide in every nook and cranny.
Firefighting,3djvpx,Nervegas,3,Fri Jul 17 03:57:34 2015 UTC,This is actually the department I aim to work at after I graduate college :) P.S. Incredible Work!
Firefighting,3djvpx,Courtly_Crocodile,3,Fri Jul 17 04:31:44 2015 UTC,"That's a good goal, it's a great department."
Firefighting,3djvpx,dontbthatguy,3,Fri Jul 17 05:03:15 2015 UTC,"Everyone is praising and agreeing with what is done in the video? Am I in the right subreddit??  I joke but in all honestly great job, took the bite right out of the fire. Assuming the rest of the job went as smooth."
Firefighting,3djvpx,thraway128,1 point,Fri Jul 17 14:47:45 2015 UTC,"I had the pleasure of working a 2-alarm mutual-aid fire with PF&R yesterday. Great guys, extremely professional and competent.   Glad they came up to help out."
Firefighting,3djvpx,forkandbowl,1 point,Fri Jul 17 04:34:17 2015 UTC,Do you work for Vancouver?
Firefighting,3dl8mr,Ryno15,2,Fri Jul 17 04:26:28 2015 UTC,"I love the passport style. It allows me to move from station to station and still show my station pride.  http://i.imgur.com/iKG0yL0.jpg  I get mine from http://www.silentguardianshields.com/  .. way cheaper than the fire store and better quality.   mine has my department on the top, my name on the bottom and my station in the middle along with our station motto"
Firefighting,3dl8mr,forkandbowl,2,Fri Jul 17 12:15:19 2015 UTC,That looks great! I'll check out the site right now
Firefighting,3dl8mr,forkandbowl,1 point,Fri Jul 17 15:24:49 2015 UTC,"Thanks, thats my second passport. It is a firefighter who makes them also."
Firefighting,3dl8mr,ChilesIsAwesome,1 point,Fri Jul 17 15:28:46 2015 UTC,"I've got the passport on my N5A. Pinned, not Velcro.   http://imgur.com/rFs0HDU"
Firefighting,3di28h,tirian,8,Thu Jul 16 13:14:18 2015 UTC,"I am a volunteer firefighter in a rural area. I work for a carpentry business and I am the foreman for the steel roof crew. I have come across a lot of these ""sky lights"" they are made of fiberglass and are weakened by UV light after a couple years, after a few years they usually have cracks and holes. I ALWAYS tell my guys that if they were to step on those particular sheets they WILL fall through.  It is easy for me to see how this can happen, if you are not aware that this type of sheeting on a roof cannot support weight or even if you know but are not looking down, it would be easy for this to happen.  Watch where you walk and test your footing with every step."
Firefighting,3di28h,DariusLazarus1,1 point,Thu Jul 16 16:07:30 2015 UTC,"I was told that colorado didn't have volunteer firefighters and quote ""we are very serious about fire out here"". I guess this is wrong? Is that more of a rural thing?"
Firefighting,3di28h,LeonJones,6,Thu Jul 16 18:06:38 2015 UTC,I am a Coloradan volunteer firefighter.  We certainly exist.  Whoever told you otherwise was grossly misinformed.
Firefighting,3di28h,Slurth,6,Thu Jul 16 20:31:18 2015 UTC,Its mostly a rural thing. There are most definitely volunteer fire departments in Colorado.
Firefighting,3di28h,jcbrickwall,4,Thu Jul 16 20:25:04 2015 UTC,I am not a Colorado firefighter. I live in Nebraska.  Wherever you live and whether your a career or volunteer firefighter you gotta watch out for these things. These skylights that are so common on steel roofs are incredibly dangerous and easy for a guy not paying attention to walk on. My comment was just meant as a warning from my own experiences with working with these things.
Firefighting,3di28h,DariusLazarus1,1 point,Thu Jul 16 18:43:02 2015 UTC,Whoops. Some how I thought you worked in CO.
Firefighting,3di28h,LeonJones,2,Thu Jul 16 18:50:45 2015 UTC,"Denver metro area volunteer firefighter here. Whoever told you that was partly correct...we are very serious about fire out here.  Thoughts go out to Engineer Whelan's family and the Denver Fire Department. I haven't heard any information about the services yet, but I hope to attend. Our badges will be shrouded until after the funeral."
Firefighting,3di28h,nevillator,0,Thu Jul 16 22:01:39 2015 UTC,This woman was on the board that decides who gets to be a denver fire fighter / cop.
Firefighting,3di28h,LeonJones,1 point,Thu Jul 16 22:30:22 2015 UTC,"Can confirm, there are several guys at my wildland station that are vollies in the offseason. Shit most of the departments around me are volunteer."
Firefighting,3dkc70,xshifthree,4,Thu Jul 16 23:35:14 2015 UTC,What's the purpose of the visit?
Firefighting,3dkc70,pedanticlobster,1 point,Fri Jul 17 02:35:17 2015 UTC,If doing a ride along id say slightly over dressed. I'd go khakis and a polo. This works in most situations.
Firefighting,3dkc70,sonbarington,1 point,Fri Jul 17 11:35:27 2015 UTC,I'd do class b pants and a polo. Maybe even station boots too.  On all of my ride alongs I have actually been put to work on scene. They get an idea of your competence this way.
Firefighting,3dkc70,ccustoms,1 point,Fri Jul 17 14:21:33 2015 UTC,"In all honesty it's totally fine. We have guys visit on a regular basis (semi big city) and half come in shorts and a t shirt, half come in pants and a nice shirt. Just wear whatever, don't overthink it."
Firefighting,3dkc70,bears249,1 point,Sat Jul 18 00:11:15 2015 UTC,Just don't forget ice cream or some kind of treat. Its a pretty universal tradition. Best of luck!
Firefighting,3dkc70,GCSof1,1 point,Sun Jul 19 00:00:28 2015 UTC,"I'd ask. Be like: ""Hey, what should I wear, also, should I bring any PT clothes?"""
Firefighting,3dg14k,deansep,10,Wed Jul 15 23:56:44 2015 UTC,It's times like these I wish I was rich so I could put these on all the beds at the station while everyone's out
Firefighting,3dg14k,Texas_Fire,2,Thu Jul 16 03:36:02 2015 UTC,"Just buy one, and put it on the Fire Chief's bed. (If he's got a designated bed, I don't know.)"
Firefighting,3dg14k,Drowned_In_Spaghetti,8,Thu Jul 16 16:46:07 2015 UTC,"prefect for truckies, they can finally feel like a firefighter."
Firefighting,3dg14k,RougeFireman,3,Thu Jul 16 12:23:10 2015 UTC,"Keep it down, water fairy. I'm trying to sleep over here."
Firefighting,3dg14k,sawff,2,Sun Jul 19 21:17:17 2015 UTC,Shut up and take my money...
Firefighting,3dg14k,Echo2496,2,Thu Jul 16 01:44:08 2015 UTC,Nice Seagrave
Firefighting,3dg14k,Pyroechidna1,2,Thu Jul 16 02:40:19 2015 UTC,these will go great when I'm sleeping in my firetruck bed
Firefighting,3dg14k,fourteen27,4,Thu Jul 16 03:15:01 2015 UTC,Bro you got a radio on that bed? We can chat at night
Firefighting,3dg14k,scottsuplol,1 point,Thu Jul 16 11:13:18 2015 UTC,"If it were cotton, I'd do it."
Firefighting,3dh31k,doodledee123,8,Thu Jul 16 05:36:37 2015 UTC,"Police work in shifts of up to 12 hours. Firefighters (at least the paid ones) work 24 hour shifts. Police are constanly patroling and doing work from inside their car. Firefighters only work when called or if they're training. You cant expect a fireman to stay up 24 hours straight waiting for a call, and then perform their job at 100%. Does that answer your question?"
Firefighting,3dh31k,Scottm143,1 point,Thu Jul 16 05:43:54 2015 UTC,"Right, but why can't one team stay in the firehouse for 12 hours, then go home and another team comes in for 12 hours and stays during the night? isn't that what the police do?"
Firefighting,3dh31k,KarnaughAtlas,7,Thu Jul 16 07:03:04 2015 UTC,"That doesn't make a whole lot of sense. A police officer needs to be out patrolling to do her job - being visible and ""looking for trouble"" is a huge part of policing. Police also try to be preemptive wherever possible and stop crimes before they start, for example by making contact with a suspicious person, that person may get spooked and decide not to commit whatever crime they had intended.  Firefighters, on the other hand, are entirely reactionary workers. Short of public education (which is part of a firefighters job), we can't stop a fire or a car crash before it starts. Therefore it's a waste of resources to have firefighters driving the firetruck around looking for fires, and there isn't really a need for the firefighters to be awake at night - they can respond almost as quickly when they're asleep vs. when they're awake and doing work at the station. Some people gripe that firefighters are 'paid to sleep', but essentially they are being paid to be at the firehouse and be on call.  Hope that helps!"
Firefighting,3dh31k,srp22,3,Thu Jul 16 14:59:15 2015 UTC,"This is how it is done in New Zealand, where I live. The Paid staff work 4 12 hour shifts, and have 4 watches. Each watch does 2 12 hour day shifts, followed by 24 hours off. Then do 2 12 hour night shifts and then 4 days off. It seems to work pretty well"
Firefighting,3dh31k,werekoala,1 point,Thu Jul 16 08:58:26 2015 UTC,"At least in the U.S., firefighters can be at work up to 53 hours per week without getting paid overtime, while police officers and most other occupations must get paid overtime after 40 hours.  That extra 13 hours is assumed to be sleep time.  Some bigger cities are recognizing that their firefighters are working almost every hours they are on duty and moving to a rotating 14/10 hours shifts, 40 hours a week.  But most smaller cities save a boatload by allowing their firefighters to sleep."
Firefighting,3dh31k,RougeFireman,1 point,Thu Jul 16 14:11:25 2015 UTC,We went from 10/14's ( a 42 hour week) to 24's.  I personally feel the 24 hour shift is better.  I may take a beating for 24 hours but not a beating for three nights in a row.
Firefighting,3dh31k,ElBomberoLoco,1 point,Thu Jul 16 19:48:16 2015 UTC,Same here....We worked 10/14s when I first got hired then switched to 24/72s.  I like the 24s better.
Firefighting,3dh31k,mrcoolguy2303,1 point,Thu Jul 16 21:44:10 2015 UTC,"In London, where I live, the Fire Brigade run 12 hour shifts, with no sleep"
Firefighting,3dh31k,reynolds753,3,Thu Jul 16 17:19:29 2015 UTC,"Not true. London run 2 days, 2 nights, 4 off - and something like 11.5 hour days, 12.5 nights, not quite 12's. And last time I met up with them they were still allowed to sleep after midnight."
Firefighting,3dh31k,mrcoolguy2303,1 point,Thu Jul 16 20:40:40 2015 UTC,"Really? I'm sure I remember it being in the news, that stations were having their beds removed. I mean I'm probably wrong."
Firefighting,3dh31k,reynolds753,1 point,Thu Jul 16 21:04:48 2015 UTC,"I'm not a London firefighter so I could be wrong, but I think by news story was about a brand new fire station that they opened which they didn't put beds in. I'm not sure how that works with the crews there but I'm pretty sure all the other stations have beds."
Firefighting,3dh31k,elltim92,2,Thu Jul 16 22:21:07 2015 UTC,"Not London, (US) but there's a station near me without beds. They have big recliners in the TV room that they sleep in. They're not allowed to sit in those chairs before 5p. It's bizarre."
Firefighting,3dh31k,throwaway07314,1 point,Sat Jul 18 08:23:25 2015 UTC,"Lots of places do that. Work schedules vary entirely by department. The schedule where I am is 24/72, but a couple counties away they do 4 on 4 off of 10 and 14 hour shifts."
Firefighting,3dh31k,brfoss,0,Fri Jul 17 23:07:52 2015 UTC,"Some large cities do have work shifts similar to this pattern. In departments where the rigs run dozens of calls per day, the crews need to be changed out more often."
Firefighting,3dh31k,Bigcalv,1 point,Thu Jul 16 09:04:27 2015 UTC,Well put sir.
Firefighting,3dh31k,_SilkyJohnson,5,Thu Jul 16 06:10:38 2015 UTC,I think you don't understand what everyone is saying. I'll use my dept for instance. We currently have 3 groups that work 24 hrs on duty followed by 48 hrs off duty. So from 7am-7am the next day. I'm on a truck that does about 3500 calls year. My job is to preform life saving emergency medical care on sick patients and also pump and fight car fires and building fires as well as hazardous materials and technical rescues. We stay at the ready for the whole 24 hr shift. At night from the hours of 10pm-6am we are allowed to sleep should a call for help not come in. The reason we are allowed to sleep is because realistically speaking absolutely nobody wants a guy coming to their house saving their dying kid or husband after being up for 23hrs straight. Your body breaks down mentally and physically when exhausted should you not have proper rest. So after doing 10 calls before 10pm your body is overrun and when you lack sleep your judgement is completely off.   The police in my city work a 10hr shift. They constantly patrol the area and they creates a presence. When they are out it deters people from committing crime. At night crime spikes because criminals have the cover of darkness. Cops don't typically work shifts longer than 13-14hrs so their bodies aren't broken down like a firefighter.  ....shortest answer... cops can't sleep on the job because they couldn't pass the firefighter exam to get hired.
Firefighting,3dh31k,almost_a_troll,1 point,Fri Jul 17 02:45:58 2015 UTC,"Perhaps I am not understanding because I still don't see what's wrong with my proposal. Team A comes in at 8 am and stays the fire house until 8 pm. Then they go home and sleep. Team B comes in at 8 pm and stays until 8 am, and they go home and sleep. I am not asking anyone to work 24 hours."
Firefighting,3dh31k,ccustoms,1 point,Fri Jul 17 04:06:05 2015 UTC,"To give people days off and not have a shift stuck on nights or days all the time, you would need 4 shifts worth of people. With 24 hour shifts you can do this with 3 sets of people."
Firefighting,3dh31k,SavesAllTheFires,1 point,Fri Jul 17 06:05:03 2015 UTC,"Between shifts there is an awkward change over period. Truck checks, gear checks, narcotic sign overs, restocks. The less of these we can do, the more efficient we are. With a 12 hr shift, time spent training or working out would be decreased for many departments.  Some incidences last for over 12 hours but are easily handled within the span of a 24 hr shift."
Firefighting,3dh31k,Kills4pie,1 point,Fri Jul 17 07:53:28 2015 UTC,"The idea behind guys working longer shifts is multi-faceted. Longer shifts mean you can cram more hours worked into a shift, which means more days off. More time off means crewies have more time to enjoy their lives, which really improves morale. Like other people have said, police perform much of their duty through physical presence - when done properly, patrolling deters crime. Firies cannot operate the same way; the majority of the job is response oriented rather than mitigatory, and relies on personnel being able to operate at maximum efficiency. In stations that have higher callout rates, crew members are also generally able to rotate between roles, so that most are reasonably rested should an emergency occur.  It's a great job, and one of the driving factors behind that is the hours worked. If you try to change that to an 8 or 12 hour rotation, it would mean more fatigue, more time on the floor to brew over jobs, job dissatisfaction, irritability, and generally lowered morale. I wouldn't want someone in that mind frame saving my life in a time-critical situation, would you?"
Firefighting,3dh31k,Brethon,1 point,Fri Jul 17 16:57:52 2015 UTC,"This is something no one has hit on yet. In my area police are paid substantially better than firemen. The 24 hour rotation allows us to hold down part time jobs.  This saves the tax payer money while having a fully staffed proficient crew ready to roll when the need arises.   Your proposal works and has been applied at many departments, it's just most departments call volume in my area is slow enough to allow 24's to be cheaper."
Firefighting,3dh31k,Brethon,1 point,Fri Jul 17 17:02:29 2015 UTC,"If there are no calls, training has been completed, station and equipment are in good clean ready condition, why make the FF stay awake? What's the gain?  Why not have them rested and ready for hard physical work, and fresh for cognitive work?  There's no paperwork to do like police, no patrolling, really nothing for them to be awake to do."
Firefighting,3dh31k,Brethon,2,Sun Jul 19 02:16:46 2015 UTC,"What do you mean? Are you saying firefighters sleep whenever they aren't working? I'm not saying firefighters should work 12 hours non-stop. I'm saying why not have firefighters present at the firehouse for 12 hours, then go home. During those 12 hours, they could be relaxing, watching TV, whatever, as long as they are ready to go. This prevents firefighters being away from their home 24 hours"
Firefighting,3dh31k,reynolds753,1 point,Sun Jul 19 05:39:52 2015 UTC,"Did you know that shift work is considered a carcinogen? I think we get enough cancer as it is, thanks. Why be so opposed to someone keeping a normal-ish sleep schedule?  EDIT: http://www.carexcanada.ca/en/shiftwork/  I'm not saying we should sleep whenever there is no work to be done, I'm asking what are we supposed to accomplish being up at 1am when all tasks and duties are completed? We are ready to go, even wen asleep. I find the time to get out of bed is gained back by putting my gear on over pyjamas instead of my duty uniform. Trust me, we wouldn't be allowed to sleep if we weren't able to meet the 90sec response standard."
Firefighting,3dh31k,sawff,1 point,Sun Jul 19 15:19:43 2015 UTC,"No my issue isn't the fact that firefighters are sleeping, my issue is that firefighters are away from their homes 24/7 and I don't see a point to this."
Firefighting,3dh31k,thraway128,1 point,Sun Jul 19 18:46:32 2015 UTC,"Gotcha. Others have spoken to that, so I won't bother except to say that I would love to have a 24hr shift, and I don't think you'll find a department in the world where the guys would want to give it up I they do have it."
Firefighting,3dh31k,sawff,3,Sun Jul 19 19:21:01 2015 UTC,"To add to what the other commenters have said, part of it is that fires are very unpredictable. With policing, they can normally predict quite accurately how many police they will need for a given time of the day, and adjust that if they know that they may need more because of say, civil unrest, a large football game, historically busy times. Fires are for the most part a little different. A fire chief can't accurately look at next Thursday and say that he will need X amount of firemen, he has no real way of predicting if a big fire will happen that night. So in the fire service, the model is that you have small teams of firefighters stationed within a certain time/distance of the population/infrastructure you are tasked with protecting, they are there in case a fire happens. By this model, if there are no fires, then the firefighters have nothing productive to do at 3am. Training would be counterproductive and disturb local residents, fire safety is impossible as the public are asleep, most of the preparation and maintenance work that firefighters do can be completed during the day shift. So, frustratingly for people who don't like that sort of thing, the fireman can sleep on duty. The problem is, if you reduce the amount of firefighters and a fire does happen then No.1 people generally get hurt or die. No.2 firefighters have to take more risks with less protection so they are more likely to get hurt or die. No.3 the firefighters have to travel further to get to the fire, hence the fire is bigger so needs exponentially more firefighters to deal with it, plus the people are exponentially more dead. No.4 due to the longer travel times and inadequate resources, more property and life is lost.  - tldr Unlike the police - there's nothing more productive they can be doing."
Firefighting,3dh31k,thraway128,2,Thu Jul 16 13:09:13 2015 UTC,"Firefighters get overtime after working 53 hours a week.   It's cheaper for cities to run three shifts working 24 hour tours than it is to run a 10/14 (which requires four shifts, which is an extra 33% more employees).   I suppose you could run 12 hour shifts with three shifts of firefighters, but you'll have a retention issue when everyone leaves to work in a city where you don't have to work every third twelve hour shift."
Firefighting,3dh31k,PM_ME_YOUR_KALE,1 point,Thu Jul 16 13:28:15 2015 UTC,Where do you work? We just have Kelly days to balance the overtime.
Firefighting,3dh31k,Tactineck,1 point,Fri Jul 17 04:37:12 2015 UTC,"I work in the USA (yes, I'm being deliberately evasive).   Could you explain that ""balance the overtime"" thing a bit? I'm not quite understanding it, and it sounds interesting. You guys work 10s and 14s with Kelly days?"
Firefighting,3dh31k,Tactineck,1 point,Fri Jul 17 16:03:45 2015 UTC,"I'm a volunteer, but our paid guys work 24on-48off. That adds up to over 40 hours a week, so every 5th shift they get the day off without using PTO - called a kelly day.   This explains it better than I could:   http://community.bmscentral.com/learnss/ZC/c3tf24-2"
Firefighting,3dh31k,anonbackseater,2,Sat Jul 18 02:26:28 2015 UTC,"In theory cops could do the same, but a large part of policing style (at least in the US) is to be visible and proactive. Because firefighting is reactionary we don't need to be out patrolling. Sitting at a station with couches and beds means you can get away with longer shifts. Most people prefer the 24 hour shifts and for the employer it's good because you cover the same # of spots with less employees (less benefit/pension costs). 24s instead of 12 or 8 hour shifts means only 1 shift change per day (instead of 2 or 3) which also decreases OT when there are late calls."
Firefighting,3dh31k,HazMattCobra,2,Thu Jul 16 17:57:25 2015 UTC,"There's good answers in this thread, but they all get too specific.   Think of it this way, what is more common, crime, or fires?  If fires were as common as crime was, you'd see fire trucks patrolling as much as you do police officers. Fires still require an extremely quick response, so the trucks are staffed 24/7, just not out."
