sm4sh,3e2yu6,Jumplol,6,Tue Jul 21 15:41:35 2015 UTC,"Hey dude, don't listen to them. For glory is a shitty way of practicing online anyways with the lag and all. First thing you can do to get better, is practice tech skill. You need to have the technical prowess before you can start developing good habits with characters I.e punishing rolls and spot dodges.   Just keep playing, I've been playing smash since I was 4, im 16 now, just went to my first tourney and placed 6th in singles, 3rd in doubles. My tech skill is great but I have no strategies yet.   Just take it slow and play for fun, you will get better by fighting more and more. If you come across someone like that in FG, save the replays and analyze what you did wrong. Keep fighting him, win rate on for glory doesn't prove anything"
sm4sh,3e2yu6,Terminator154,2,Tue Jul 21 17:35:10 2015 UTC,"Teching falls isn't 100% yet but at least try to time the block almost every time, successful or not. And oh man, you're in that golden age for gaming. That's impressive, 3rd in a first tourney! I don't think there's any competitive smash in Belgium.  I'm 26 now and I can feel my reactions fading :( Used to be really good at shooters, but now..! Cherish these next 10 years dude. ;)  But thanks for the advice. I haven't really done the replay analyzing yet. Should give that a go for sure!"
sm4sh,3e2yu6,discforhire,2,Tue Jul 21 18:26:34 2015 UTC,There are online tourneys on smashladder I believe
sm4sh,3e2yu6,discforhire,1 point,Tue Jul 21 21:17:54 2015 UTC,Something tells me I'm not exactly tournament material yet. ;D But you're right!
sm4sh,3e2yu6,vexoskeleton,1 point,Tue Jul 21 22:16:20 2015 UTC,Experience is key!
sm4sh,3e2yu6,damagedfuckup,1 point,Tue Jul 21 22:25:23 2015 UTC,"Even if you get bodied every game you're tournament ready, that just means you are ready to learn do you can improve"
sm4sh,3e2yu6,GooberGaming,3,Tue Jul 21 23:59:27 2015 UTC,"First of all, people who are truly good and used to winning don't throw out taunts unprovoked. That is clearly a kid glutting in the fact he's marginally better than you enough to win every time. If you want to ""GET GUD,"" you'll have to ignore this sort of thing.  16% win rate is pretty dismal depending on how long you've been playing. If the controls aren't second nature to you, beat up on CPU's until they are. Post video of your matches and ask everyone to tell you what you did wrong. And never leave an online lobby because someone is beating you. Rematch them until you pick up on something they do."
sm4sh,3e2yu6,moremelk,1 point,Tue Jul 21 17:36:20 2015 UTC,"I try to ignore it but getting that shit after losing so many times is just depressing. I didn't leave the lobby with him either, kept playing against him until he left with a ""BY:NOOB"". Oh well.  And I heard it's the best way to improve, to get your butt kicked. But I'm not feeling it, maybe I'm missing something. Probably.  And on controls, I wish there was a way to change one of those 3 jump buttons to a short hop because fuck me sideways for wanting to learn ZSS. Missing that shorthop sends you to the moon. Not saying I main her, which is another problem ~ Can't choose a main..   Thanks for replying!"
sm4sh,3e2yu6,Cidalfos,3,Tue Jul 21 18:19:45 2015 UTC,"For Glory is an easy place to practise, you just need to keep in mind that you will run into people that will ""chirp"" after beating you.  I personally find someone else to play against after I lose twice in a row, that way I can find someone who is on the same skill level.  If you have some spare time, take a look at Jtails, and AceStarthe3rd's videos to help give you ideas of how to improve.  Jtails's tutorial videos are very helpful.  I tend to do watch tutorials and practise while playing against lvl 7-8 CPU's."
sm4sh,3e2yu6,moremelk,1 point,Tue Jul 21 19:07:31 2015 UTC,"Those lv8 bots tend to start airdodging every string I try to do though. :( Not to speak of lvl 9, .. god. Against 6 to 7 bots I do fine, but online is a chokefest. Also tend to SD by just trying to edgeguard too greedy or something haha.  Someone else in the thread mentioned Jtails as well, so that's proven to be a good way to learn a bit more in depth. :) thank you!"
sm4sh,3e2yu6,Cidalfos,2,Tue Jul 21 19:22:05 2015 UTC,"I know how you feel. It seems like a slump right now, but forcing yourself to stick with it and not giving up WILL result in improvement. Been smashing since I was 8, im 17 now and my 11 year old brother wrecks me in smash, but I still enjoy myself cause I love smash. Stick with it, trust me :) If you ever wanna practice, here's my id:  ogres-onions   Have a good one."
sm4sh,3e2yu6,MrTriHorse,2,Tue Jul 21 18:34:39 2015 UTC,"That's gotta hurt man, being bodied by your little bro! :D Will keep trying for sure. Just have to play the cpu from time to time to keep it fun. :I  And sure I'll add you to play sometime. Work that brotherly rage out on someone way older than you. ;p #therapy"
sm4sh,3e2yu6,Terminator154,2,Tue Jul 21 18:43:33 2015 UTC,"I started smashing when I was 15, 31 now... I have a 2&1/2 year old who will be learning games in the next few years... I wonder how long till he starts beating me lol"
sm4sh,3e2yu6,superbadsoul,1 point,Tue Jul 21 23:28:21 2015 UTC,Give it 7 or 8 years ;)
sm4sh,3e2yu6,superbadsoul,1 point,Tue Jul 21 23:44:19 2015 UTC,If he doesn't quit before that... I've had a friend who quit playing cause I was his only regular opponent and he very very rarely won
sm4sh,3e3ihz,TheMexicanArmada,2,Tue Jul 21 17:57:30 2015 UTC,The game is still relatively young and there's still a lot of unexplored territory regarding characters that don't see much play. You could be the next notable Mewtwo main if you put enough time into him and really learn the character.  I'm not sure how many great Mewtwo mains are out there but here's a video of Trela in winners final of some local.  This is a conglomeration of Smashboards opinions on the current roster
sm4sh,3e3ihz,TheDeFecto,1 point,Wed Jul 22 04:31:37 2015 UTC,"Thank you! It's both good and bad to know there's nobody else, at least now I'll be able to try and be one of the first at something XD. Thanks for the links!"
sm4sh,3e3ihz,DMthePerson,1 point,Wed Jul 22 05:05:45 2015 UTC,Logic is ok I guess.
sm4sh,3e3ihz,MasterLynx,1 point,Tue Jul 21 21:14:46 2015 UTC,"OK, thank you."
sm4sh,3e2a42,TowelstheTricker,12,Tue Jul 21 12:10:10 2015 UTC,Villager's tree certainly has a lot of bark
sm4sh,3e2a42,AverageChinchilla,3,Tue Jul 21 16:05:25 2015 UTC,I'd make a Duck Hunt joke but he never barks during any of his attacks.
sm4sh,3e2a42,DMthePerson,3,Tue Jul 21 22:02:07 2015 UTC,"I would say G&W's ""1"" hammer."
sm4sh,3e2a42,GooberGaming,2,Tue Jul 21 13:54:20 2015 UTC,"I found wft's sun salutation to be a bit lacking, also miI gunner's charge blast. Side note, I like flare blitz, it's easier to hit with than falcon punch."
sm4sh,3e1e7y,jkelly422,3,Tue Jul 21 05:22:56 2015 UTC,The flare blitz is one of the more biteless barks in Smash.   looks like such a beast attack but then....
sm4sh,3dzu4d,SawftSSB,1 point,Mon Jul 20 21:33:54 2015 UTC,My best streak so far is 5 in a row
sm4sh,3dxsk2,Ryukred,2,Mon Jul 20 12:24:19 2015 UTC,that was a sick read but I don't think the move itself is that powerful. Nobody thinks Donkey Kong's headbutt is particularly amazing.
sm4sh,3dxsk2,SkepticShoc,1 point,Mon Jul 20 14:20:59 2015 UTC,"Pretty sure OP is also talking about Rising Cyclone, his custom up B that can kill under 35%"
sm4sh,3dxsk2,HeydrixMan,1 point,Mon Jul 20 22:12:56 2015 UTC,"She just died on 30%.. Rage effect or not, holy crap."
sm4sh,3dxsk2,Jumplol,1 point,Mon Jul 20 15:17:33 2015 UTC,Such a nice kill setup.
sm4sh,3e03nf,No_NameSSB,1 point,Mon Jul 20 22:45:00 2015 UTC,Yup. That's weird.
sm4sh,3dwyrn,GoldBananas,5,Mon Jul 20 05:44:26 2015 UTC,"I love yoshi and think he's powerful enough as is, but if they could remove his side b altogether so I don't accidentally input that garbage move when trying to far toss an egg, that'd be a buff."
sm4sh,3dwyrn,SkepticShoc,1 point,Mon Jul 20 14:43:31 2015 UTC,AMEN.
sm4sh,3dwyrn,omnimoogle,4,Mon Jul 20 14:53:08 2015 UTC,"I know Pikachu probably isn't at the front of the line for buffs, but you have no idea how happy I'd be if they returned her bair kick smash instead of the helicopter spin.   Pikachu really has to work for the kill and a way to kill mid air would be amazing."
sm4sh,3dwyrn,TowelstheTricker,3,Mon Jul 20 10:46:43 2015 UTC,"no way, dude! The frisbee is such a great move!"
sm4sh,3dwyrn,SkepticShoc,2,Mon Jul 20 14:42:31 2015 UTC,Imagine the back kick tho.  Imagine the combos.  Forward air falling - up tilt- up tilt - up air - backair.   Would be so raw. Pikachu doesn't really have any bangers or smashes. The skullbash looks like a banger but it kind of is the worst pika attack.
sm4sh,3dwyrn,TowelstheTricker,3,Tue Jul 21 03:21:04 2015 UTC,"I'm a Zelda main. After the last patch, and after watching players like Nairo kick ass with her, I genuinely believe she is solidly mid-tier. She's built for wicked mind games, has a variety of kill options, and she is an anathema to zoning characters. I've always said that Zelda is a character who rewards skilled gameplay, and once you master her aerials and teleportation, you really are a force to be reckoned with. Plus, those Phantom Knights are fucking bomb. Of course, she obviously has flaws, but she's come a long way since Melee and Brawl.   Mostly, I wish that using Din's Fire mid-air wouldn't put her in free-fall. I also miss her old Brawl-style u-smash--it was vicious. A better jab would be wonderful, but I think I'm just getting greedy now. It really is a shitty jab, though. Like, it does nothing. At all."
sm4sh,3dwyrn,PrinceOfCups13,3,Mon Jul 20 15:42:29 2015 UTC,"Zelda is also my main. I love her jab for quicker spacing than idle+B without the dead movement after, but that's all it's really useful for.  I agree Din's Fire mid-air is terrifying and null mostly because of the sideways movement. If there was no free-fall her edge guarding & off-map game would be way OP, however."
sm4sh,3dwyrn,damagedfuckup,2,Tue Jul 21 14:11:40 2015 UTC,We should trade Zelda tips. Have any you wanna share?
sm4sh,3dwyrn,PrinceOfCups13,1 point,Tue Jul 21 16:41:39 2015 UTC,Nothing you probably didn't already know. Always start matches aggressively- I love her fwrd+A approach and fall back on Nayru's Love if/when they counter. People don't typically expect a competent Zelda player so it takes them a minute to adjust. And the moment they do is when I start zoning the crap out of them.  Another thing people aren't familiar with is how seriously devastating the sweet spots in her aerial kicks are. The biggest advantage to using Zelda is the fact that not many people use Zelda.
sm4sh,3dwyrn,damagedfuckup,2,Tue Jul 21 18:00:34 2015 UTC,"Ha ha, spoken like a competent Zelda main. The element of surprise is a huge help. I also like to start off aggressively. And yeah, once you learn how to sweet spot her aerials (including her up and down), you can really fuck shit up. I've been exploring her Phantom Knights lately, trying to find new and unexpected ways to use them."
sm4sh,3dwyrn,PrinceOfCups13,2,Tue Jul 21 18:19:22 2015 UTC,"As far as WFT and Robin are concerned, I can't say I would know how they should be buffed since I never played them.  But, 1 character comes to my mind when I think about buffs.  That Character is Little Mac, I feel like he needs a small buff in his recovery with Up-B.  Whenever he recovers and there is a small gap between his fist and the ledge he doesn't grab it.   I would love to see a buff in his ledge grab range when recovering with his Up b.  I tear up a little inside when I recover and miss the ledge by a 1 cm :("
sm4sh,3dwyrn,GooberGaming,1 point,Mon Jul 20 15:29:34 2015 UTC,"Little Mac is a bit OP on the ground, so I can see why he'd knowingly be the only character without a full recovery. The price you pay, I suppose."
sm4sh,3dwyrn,damagedfuckup,2,Tue Jul 21 13:54:35 2015 UTC,"I agree, his recovery should be his biggest flaw, but having that extra bit of grab range would be a huge QOL change.  Also, I feel that his weak recovery really deters players playing him on a competitive level :(."
sm4sh,3dwyrn,GooberGaming,1 point,Tue Jul 21 15:16:38 2015 UTC,"For Wii Fit Trainer, I suggest more kill moves, as now she really only has one reliable one, (Being F-Smash) as well as making her down air better for spiking. Robin, I think needs Nosferatu to take less time to recharge and more times it can be used, and slightly increase Robin's speed.  Also, combo throws for both of them."
sm4sh,3dwyrn,noahk777,1 point,Mon Jul 20 08:11:38 2015 UTC,Palutena. She has aerials that auto cancel yet laggy startups on all her tilts. Give her a decent combo besides downthrow to nair or fair. Overall her punish game just needs to feel more rewarding. Counter is weird and laggy as well. I don't expect her to be as fast as fox or whatever but since her ground attacks are slow and laggy I'd just like more damage or knockback for landing them properly.
sm4sh,3dwyrn,siriusleenoctis,1 point,Mon Jul 20 09:21:49 2015 UTC,"Robin needs to be buffed substantially, she's such a cool character but she cannot compete at all against the higher tier characters. Making her faster would be really nice."
sm4sh,3dwyrn,MrTriHorse,1 point,Mon Jul 20 19:04:49 2015 UTC,Marth and Lucina NEED to either have less end lag on Fair to be able to link to tilts or be able to do something close to a ken combo IMO.
sm4sh,3dwyrn,No_NameSSB,1 point,Mon Jul 20 22:46:15 2015 UTC,"I would be ecstatic if Mewtwo was buffed. I've been a huge fan of his since I first unlocked him in melee. From what I've seen in project m, he is a monster. But I'd like to see his tail based aerials a bit faster and have correct hitboxes. Less startup on neutral air and make the back half of his tail not a hurtbox, and maybe have his disable do more shield damage similar to pound but not quite as much. His weight can stay the same to balance him out but basically he needs more canon in the glass canon."
sm4sh,3dwyrn,thoraway192,1 point,Tue Jul 21 17:08:53 2015 UTC,King Dedede - a combo throw that works after 50 damage would be nice.
sm4sh,3dwyrn,closetautist,3,Mon Jul 20 06:55:01 2015 UTC,Land a side smash after 50 and that's a stock. A combo throw into it would be broken.
sm4sh,3dwyrn,ambi94,1 point,Mon Jul 20 09:34:26 2015 UTC,"It doesn't have to be a combo throw into side smash. I think if down throw had less knock back so that dthrow->nair worked before 50 damage and dthrow->fair worked after, that would help a lot."
sm4sh,3dz61k,trigaderzad2606,2,Mon Jul 20 18:42:38 2015 UTC,niceme.me
sm4sh,3dz61k,The_Darknut_Rises,1 point,Mon Jul 20 18:56:13 2015 UTC,"Damn, I just hit 2000, but I don't reallly play that often."
sm4sh,3dt6vi,DaRedMage,3,Sun Jul 19 05:31:34 2015 UTC,So hilariously jank. Good find
sm4sh,3dt6vi,Bankman220,1 point,Sun Jul 19 16:19:09 2015 UTC,So glad Yoshi can escape this easily! I'd be so salty if someone locked me down during a tournament like this.
sm4sh,3dt6vi,SkepticShoc,1 point,Mon Jul 20 01:14:10 2015 UTC,I thought this was a joke video at first.
sm4sh,3dt6vi,I_SHIT_ON_CATS,1 point,Mon Jul 20 03:55:45 2015 UTC,"Smash corner guy is right, way harder to even practice than it looks"
sm4sh,3dt6vi,L0pat0,0,Mon Jul 20 15:52:27 2015 UTC,"Ah, another silly footstool exploit that would probably never happen in high level play or a tourney set unless maybe once or twice."
sm4sh,3dulf5,SmhWowBro,4,Sun Jul 19 17:03:22 2015 UTC,Nobody feels bad for Dabuz
sm4sh,3dulf5,wumbo105,1 point,Sun Jul 19 19:53:00 2015 UTC,He basically did the same thing to Fow lol
sm4sh,3dulf5,SoulRed12,1 point,Sun Jul 19 21:45:51 2015 UTC,Can we get a gif of him popping off after he beats FOW? That was priceless.
sm4sh,3dqiuq,-Take-Five-,1 point,Sat Jul 18 13:58:11 2015 UTC,Part 1 of a ZSS tutorial series that's been getting great reviews at Smashboards and /r/CrazyHand. Enjoy!
sm4sh,3dock6,samili,3,Fri Jul 17 22:28:25 2015 UTC,It would be amazing if he stayed frozen while he disappeared in the background.
sm4sh,3dock6,bandit2,2,Sat Jul 18 05:57:13 2015 UTC,"That would be a nice little touch. If other characters' moves could trigger unique death animation also, that'd be pretty cool."
sm4sh,3dock6,scurvebeard,3,Sat Jul 18 06:26:32 2015 UTC,SMASHALITY
sm4sh,3dock6,scurvebeard,1 point,Sat Jul 18 06:32:27 2015 UTC,That would bring a new level of stylin' to the game.
sm4sh,3dock6,DMthePerson,2,Sat Jul 18 06:39:27 2015 UTC,"God, your house is noisy.  Nice combo though."
sm4sh,3dmu06,SmhWowBro,2,Fri Jul 17 15:32:34 2015 UTC,why was there a bowser?
sm4sh,3dk6mv,DMthePerson,3,Thu Jul 16 22:49:47 2015 UTC,I'm gonna get crucified but. ...  What's a perfect pivot?
sm4sh,3dk6mv,tigersmhs07,3,Fri Jul 17 00:24:24 2015 UTC,It's a movement option where you cancel a dash with a quick turn around. Good for quickly positioning yourself closer/farther. https://www.youtube.com/watch?v=6vaR4RM-qr0
sm4sh,3dk6mv,tigersmhs07,1 point,Fri Jul 17 00:29:40 2015 UTC,Thanks op
sm4sh,3dk6mv,xBuddfox,2,Fri Jul 17 01:15:03 2015 UTC,ðŸ‘
sm4sh,3dk6mv,Questen,2,Fri Jul 17 01:35:48 2015 UTC,Right handed and had more success at the beginning to the left but just had to put a bit of effort the other way. I'm not sure what the cause was for this just when I started I instinctively pushed left than right to try it. You have an advantage with being left handed due to the thumb being naturally stronger and more coordinated - make the most of it
sm4sh,3dk6mv,Questen,1 point,Fri Jul 17 00:11:31 2015 UTC,"I'm left handed and I have more trouble going to left than right. I think it's dependent on where someone rests their thumb on the stick in neutral, as it's easier to flick one way than the other."
sm4sh,3dk6mv,DoubleU12,1 point,Fri Jul 17 13:15:43 2015 UTC,"Yeah, I seem to have come to this conclusion. How do you hold the stick with your thumb, if I may ask?"
sm4sh,3dkebq,Bean315,3,Thu Jul 16 23:53:37 2015 UTC,"I mean Roy is an all around fun character, and the fact that he punishes roll reads harder than bowser makes him an actual good pick for the spam of FG"
sm4sh,3dkebq,PhyrexianBear,2,Fri Jul 17 12:57:21 2015 UTC,"I don't really mind the Roy players, he's pretty easy to punish imo. The constant Yoshi, Falcon, and Luigi players however continue to drive me up a wall with their predictable but annoying ""disrespect""."
sm4sh,3dkebq,DMthePerson,1 point,Fri Jul 17 16:05:52 2015 UTC,When u got a f smash that kills at like 50% and people on for glory like to run into them I'd use roy 2 if I enjoyed for glory.
sm4sh,3dkebq,denazy,1 point,Fri Jul 17 12:24:39 2015 UTC,"No doubt, I'm just tired of fighting him every other match."
sm4sh,3dkebq,denazy,1 point,Fri Jul 17 13:12:01 2015 UTC,Yea I picked him up cause I loved roy is melee...didn't continue to play him because everyone one and there brother plays him....so I'll just stick with mario and enjoy having almost free smash attacks
sm4sh,3dkebq,TowelstheTricker,1 point,Fri Jul 17 14:33:33 2015 UTC,Why don't you enjoy FG?
sm4sh,3dkebq,denazy,1 point,Tue Jul 21 12:21:24 2015 UTC,Mostly the lag. I don't feel like I get any real practice on for glory. So I just do anthers  ladder. Seems like lag doesn't happen as often
sm4sh,3dkebq,stiryfoam,-6,Tue Jul 21 14:01:06 2015 UTC,Plssss. Pay-2-Win smash??!??
sm4sh,3dg1m2,sinnerdizzle,7,Thu Jul 16 00:00:38 2015 UTC,I'm a Dedede main.  I love gordos solely because they make people panic and they start to do wacky predictable shit.  I think most forget they only need a tiny tap to knock them out of the way.
sm4sh,3dg1m2,SuperSpicyBasil,3,Thu Jul 16 04:01:57 2015 UTC,Nothing like a Dx3 side smash.  It's so gratifying.
sm4sh,3dg1m2,FusRoBlah,5,Thu Jul 16 09:30:16 2015 UTC,I think the most baffling thing to me is if they switch to a character that has a reflector to reflect my gordos back. It's the one projectile that you don't need a reflector for!
sm4sh,3dg1m2,NeedsMoreReeds,3,Thu Jul 16 13:51:25 2015 UTC,"My favorite is when they switch to another heavy character like Bowser or Ganondorf and it's like ""Bro. you just fucked up..."""
sm4sh,3dg1m2,SuperSpicyBasil,1 point,Thu Jul 16 14:42:35 2015 UTC,"Ganon main chiming in! Yes it is a hard matchup, but if I'm focused and don't slip up I can beat D3 most of the time. Most of you float in the air waiting for me to attack so I wait for you to float one too many times then attack when you get frazzled :P That alone effectively takes away D3's air game and my Ganon ground game is pretty good."
sm4sh,3dg1m2,trigaderzad2606,1 point,Thu Jul 16 20:02:05 2015 UTC,Whatever man my Bowser can take your D3.
sm4sh,3dg1m2,Presto99,1 point,Sun Jul 19 18:17:07 2015 UTC,"D3 main here. I like to let them jab my gordo back at me, dtilt or ftilt it back. Works really well against chars with bad/no projectiles."
sm4sh,3dg1m2,pokepal,1 point,Thu Jul 16 16:56:09 2015 UTC,"Generally Gordos are better from a jumping position so you can get the Gordo to fall on top of them. That way they have to jump to hit it back, and it won't get hit back at you by their projectiles. Generally sexkicks are solid choices against Gordos if you don't have a sword.  Like Links love to think they can try to spam against me. But instead they just look stupid when they try to draw an arrow with a Gordo coming from above."
sm4sh,3ded75,mixplayer,1 point,Wed Jul 15 16:46:01 2015 UTC,i try my damnedest to play online with my 3ds but it is never not lagging. i need a fix.
sm4sh,3ded75,billyup,1 point,Wed Jul 15 21:52:02 2015 UTC,"My DS is fine, except for the occasional game, which usually is a result of the other player. Your internet might not be fast enough, or maybe you aren't close enough to your router. Other than that, not much you can do."
sm4sh,3ded75,lulzdemort,1 point,Wed Jul 15 22:31:10 2015 UTC,"No, the 3DS version doesn't have the add to friends-feature that the Wii U version has, it sucks.  In any case, you might want to check out /r/smashedconnections and make a post there as well. :D"
sm4sh,3ded75,Deefian,0,Fri Jul 17 08:43:17 2015 UTC,Cough Cough Anther's Ladder Cough Cough
sm4sh,3ded75,CrispyHashBrown,1 point,Thu Jul 16 02:08:25 2015 UTC,Im fully aware of anther's. But im looking for a player from for glory.
sm4sh,3dcy4t,pokeatthedevil,6,Wed Jul 15 08:07:38 2015 UTC,"Sign up for smashladder.com, after playing there, I've gotten so much better at the game."
sm4sh,3dcy4t,yugioh88,1 point,Wed Jul 15 15:11:43 2015 UTC,was about to comment this. i agree 100%
sm4sh,3dcy4t,i_am_Toru,1 point,Wed Jul 15 15:41:41 2015 UTC,"Not OP, but in the same boat.. Just not sure how to get started :/ I've joined the chatroom, said I'm LF friends/coaching/opponents. Set a note, but not much response. And not sure how to set up those friendly games, with the maps and whatnot.  Also, it seems that I'm like the only guy in Belgium playing this game? What the f the inactivity."
sm4sh,3dcd09,awsom17,3,Wed Jul 15 04:08:54 2015 UTC,Ken?
sm4sh,3dbvx9,WuTranClan,1 point,Wed Jul 15 01:47:51 2015 UTC,"/r/crazyhand is a good place to look at videos of your mains to see some neat tricks.  Above all else, just keep practicing. Don't quit a session with a tough opponent. Keep at it and learn how they play and even if you don't beat them, you'll notice an improvement.  Who do you main?"
sm4sh,3dbvx9,MrBoobieBuyer,1 point,Wed Jul 15 01:57:55 2015 UTC,Smashboards is a great resource. Just try to find a friend that kicks your ass and play him over and over
sm4sh,3dbvx9,twistacles,1 point,Wed Jul 15 12:10:53 2015 UTC,"Honestly just keep playing, simple as that. However, save replays every now and then and see what you are doing wrong. The only reason you gave percent is if you played well; the only reason you have percent is if you messed up."
sm4sh,3dbvx9,No_NameSSB,1 point,Mon Jul 20 23:51:04 2015 UTC,become insanely aware of which direction your opponent is facing.  aim all your attacks so that you land behind them.
sm4sh,3dbfx5,Crow-,1 point,Tue Jul 14 23:43:35 2015 UTC,"You just have to get good man. Do you as best you can and improve on it. Yeah mario mains can be inconsistent, but they can ALWAYS IMPROVE, we ALL can! I'm a Bowser and Samus main and my win rate out of 7000 1v1 matches online is a bit over 73%, which is eh, but I also play the rest of the matches not made up by my main two with random other characters i'm not as good with, which can also just help with ideas for different ways to go about the ones who I consider my main. So yeah dude, just improve your method, and make sure that improvement includes adaptation and avoiding patterns! (and if you have 3ds we should totally play! if not my friend has  wiiU and we could still do that. maybe we could learn from each other eh?)"
sm4sh,3db1ny,siriusleenoctis,1 point,Tue Jul 14 21:56:01 2015 UTC,I need to do this.
sm4sh,3dbwex,TryhardXavier,2,Wed Jul 15 01:51:58 2015 UTC,The game even warned you beforehand...
sm4sh,3d6gv3,trigaderzad2606,6,Mon Jul 13 22:10:07 2015 UTC,Disrespect has exeeded maximum levels.
sm4sh,3d6gv3,kevinmbt,2,Tue Jul 14 06:18:11 2015 UTC,Poor kid never had a chance ;_;
sm4sh,3d6gv3,FusRoBlah,1 point,Tue Jul 14 08:20:44 2015 UTC,"Classic Ganondorf. Taunt rolling viciously, rubbing salt into the wound"
sm4sh,3d617v,truesord24,2,Mon Jul 13 20:18:01 2015 UTC,"I was playing the game at Symphonic Evolutions (orchestra that played only PokÃ©mon music) the other day, and I was playing Jigglypuff. Some guy behind me kept claiming that it was Clefairy."
sm4sh,3d617v,Dapplegonger,1 point,Tue Jul 14 03:06:52 2015 UTC,"I agree, the Internet is garbage."
sm4sh,3d617v,RedRupee,1 point,Wed Jul 15 17:21:46 2015 UTC,simply wonderful
sm4sh,3d6pnp,4000Narwhals,2,Mon Jul 13 23:17:00 2015 UTC,As a Gannon main this video gave me a little joy from within my black evil heart.
sm4sh,3d6yw1,Cidalfos,1 point,Tue Jul 14 00:30:06 2015 UTC,"Don't try to DI, dodge or roll, (unless know you can get out before he grabs you) just punch that little punk in his stupid face! >:P"
sm4sh,3d6yw1,SkepticShoc,1 point,Tue Jul 14 00:34:32 2015 UTC,very true. Yoshi can punish Ness quite badly for trying to pkfire into a grab simply by mashing jump and attack at the same time.
sm4sh,3d2hiv,AlfredVonLemon,1 point,Mon Jul 13 00:14:47 2015 UTC,"Great, now people are gonna try to ban halberd even more now"
sm4sh,3d2hiv,doublec72,1 point,Wed Jul 15 12:56:09 2015 UTC,Aerial KO Punch is just really weak. Don't use it.
sm4sh,3d0xao,w4rf4re,2,Sun Jul 12 16:28:43 2015 UTC,"Still just a chain, he was spamming airdodge."
sm4sh,3d0xao,pokeman7452,3,Sun Jul 12 17:22:47 2015 UTC,"Agreed, several places in that chain he had time to jump. Still OP,  It's a great chain"
sm4sh,3d0xao,firebert6,2,Mon Jul 13 04:20:48 2015 UTC,"Imo at the very least he could have avoided the side smash if he had jumped, but we'd never know for sure until this is more widely tested. Still, whatever this is, it's impressive."
sm4sh,3d0xao,SoulRed12,-3,Mon Jul 13 01:03:11 2015 UTC,"looks like he only tried to airdodge on the 2nd and last hit. Theres no sign of any startup animation for an airdodge on any of the other hits. Even on the 2nd hit, his % was too low and the knockback too small for him to do anything about it anyway."
sm4sh,3d20f1,Nightwing89,1 point,Sun Jul 12 21:52:11 2015 UTC,I'm looking for people to play with. Name: derschlitzohr
sm4sh,3d20f1,thoraway192,1 point,Sun Jul 12 21:55:47 2015 UTC,Added!
sm4sh,3d20f1,Zachhard323,1 point,Mon Jul 13 22:09:54 2015 UTC,3DS 0189-8841-1483 my name's zach
sm4sh,3d20f1,SplashFire0X,1 point,Mon Jul 13 20:20:33 2015 UTC,Added
sm4sh,3d20f1,Deefian,1 point,Tue Jul 14 03:58:18 2015 UTC,yo add me on wiiu. my nnid is Splashfire0X
sm4sh,3d01pl,Suicuneator,2,Sun Jul 12 09:48:29 2015 UTC,"I generally think it's bad, which is why I prefer Smash to other fighting games where there's a much larger emphasis on combos. It makes it less interactive with the other player.  That being said, with DI and %, most combos lose their potential. But also, D-throw F-Air F-Air isn't that much of a combo. Most characters have at least one move they can do out of a grab."
sm4sh,3d01pl,NeedsMoreReeds,1 point,Sun Jul 12 14:49:02 2015 UTC,"Nah, I love my combos. And when people combo me, i mean its ok. The only ones that i find annoying are Roy's down throw to up-b which is 21 percent guaranteed, ness down throw to forward air which is getting easier to avoid with D.I., and marios downthrow to uptilt uptilt uptilt uptilt upb which is easily broken by mashing jump. However I do love marios up tilt combo when I'm performing it on others.  Toon Link's uptilt combo is a well designed one, because as you knock them further and further away with these hits, you can finish off with an up+b which is just demoralizing as all hell. Theres definitely some obvious movesets taht the game designers made to facilitate comboing. He also has some of the best projectile and throw combos.  I see what you mean by making it routine OP. Some players will play to get their combo opportunity and you will see how robotic it is. However some players will capitalize on the combo opportunity when it happens to comes to them.  ZSS, one of my favorites to play as recently, she has three moves that will incapacitate enemies and a very good precise kill move. If an opponent jumps at me, lands in front and catches my paralyzer shot, that opens up an opportunity for a very sexual conversion to down smash, prolonging the paralysis. Then Down B, if you're quick will pitfall them or if they pop out will spike them back down to the ground. An Up+B on a pitfalled enemy at 99ish percent has a high chance of killing half the roster of characters. You also suffer no knockback reduction since the final hit is in the air.   Almost as good as shield drop fart with wario, which isnt so much a combo but still the best move in the game."
sm4sh,3d01pl,Ransom-ii,1 point,Sun Jul 12 17:48:42 2015 UTC,"I feels as if combos are good, if not important, for all fighting games. Without them the game becomes a series of pokes. Smash is a little different from other fighters though. In smash, you can escape your opponents combo with DI. Some combos don't even work in Smash unless the %age and match up is right. In Street Fighter or other traditional fighters you can't escape. Some fighters with do have abilities to break out of combos. They are normally hard to do or limited.   I know being caught in a combo is frustrating, I play Blazblue. Without them though the game lacks something you work your opponent into. The combo should be something you are looking for. We talk about punishes a lot in fighters. The punishing player is being rewarded though. He is using a combo to reliably build the damage on you. You made a mistake. If your opponent can't reliably do something off of said mistake, what was the point of wiating(or forcing you) to make it? As I said above, you both just sit there poking one another until one manages to get a kill move in at the required %age."
sm4sh,3d01pl,Lucarios_Butt,1 point,Sun Jul 12 17:52:13 2015 UTC,"Skullgirls has a system to prevent Infinite combos while still incentivizing them on most characters, which I think is pretty good.  Basically after you've taken a set amount of damage without being able to react , usually about 10 seconds or so of uninterrupted combo before it kicks in. Basically it just lets the player (regardless of character) that's getting beat on to press any button and it will instantly knock the enemy to the other side of the screen, ending the combo.   When the anti-infinite is triggered, hit sounds change and there's a special visual effect as well, so when it happens its pretty obvious.   While I like that system, I like Smash's system where  long combos are fairly few and far between, but devastating when pulled off."
sm4sh,3d01pl,Cubelord,1 point,Sun Jul 12 23:30:39 2015 UTC,Most fighters have anti infinite things built into them. Mostly in the form of moves linking into less and less options until there are none.
sm4sh,3d01pl,Lucarios_Butt,2,Sun Jul 12 23:38:35 2015 UTC,"That's another good system, but the only real disadvantage of a system like that is you get certain go-to combos on every character.   In my opinion, the attacks all chain together a lot easier , with only a few attacks on each character that isn't somehow combo-able. This makes the hard anti-infinite system pretty smart in a game like that.   For me the most fun in fighting games are systems where its more improvised combos and on-the-fly strategy, which is why I like Zard in Smash. Nothing combos easily so it becomes rushing around and smacking people around in the air, which is really fun."
sm4sh,3d01pl,Cubelord,1 point,Sun Jul 12 23:46:01 2015 UTC,"the only real disadvantage of a system like that is you get certain go-to combos on every character.   This is true. There are optimal combos for all SF characters.  And yeah, I love me some smash Zard too. PM Zard can suck it though."
sm4sh,3d01pl,Lucarios_Butt,1 point,Sun Jul 12 23:51:54 2015 UTC,"Improvised combos and on the fly strategy are why I love smash so much, I have a cousin who is a god at other fighting games but cannot wrap his head around smash... and I keep begging him to try, he got Sm4sh without me knowing, played ""less than 20 matches online"" then went and traded it back in. Almost broke my heart to hear that, I told him I do pretty good online he replied with ""good thing we never played then"" I'd have loved to help him get better at smash. But I think he was frustrated that he wasn't really good right away as smash is deceptively simple on the surface. I'm only good because I've been playing almost religiously since 64."
sm4sh,3cyqpf,ukrainianbeatlemania,9,Sun Jul 12 00:13:12 2015 UTC,Roy still has 2 feet. Am disappointed.
sm4sh,3cyqpf,ptatoface,2,Sun Jul 12 03:05:32 2015 UTC,This is great! Now I just need help figuring out how to do the awkward small window home run challenges.
sm4sh,3cxajp,world8,6,Sat Jul 11 16:29:13 2015 UTC,Can someone explain to me what happened? Did mega man use his uair?
sm4sh,3cxajp,Arkeat,7,Sat Jul 11 23:33:49 2015 UTC,"He caused me to bounce on Rush once with his up B, then after I bounced on it, it disappeared, allowing him to create another one in the air, which I bounced on again (it bounces you very high) and then used his up air when I was at the top of the blast zone, KO'ing me with barely anything."
sm4sh,3cxajp,Arkeat,1 point,Sun Jul 12 00:48:10 2015 UTC,"Ah, thanks. I wouldn't expect you to know what was coming either."
sm4sh,3cxajp,thevulturesbecame,17,Sun Jul 12 12:40:09 2015 UTC,http://youtu.be/UuGSf4SaSOg  Link didn't seem to come up
sm4sh,3cxajp,carni_,7,Sat Jul 11 16:30:26 2015 UTC,That's so dirty! I hadn't heard about this before either
sm4sh,3cxajp,Ransom-ii,1 point,Sat Jul 11 21:10:07 2015 UTC,There's a YouTube vid where a guy keeps doing this over and over.  It works great on FG  been using it myself for a while
sm4sh,3cxajp,Cidalfos,1 point,Sun Jul 12 03:33:02 2015 UTC,"Wow, so I learned a new move today thank you. I usually play mega man only for teams, but i bet it could work there too. I also like playing ZSS. :3"
sm4sh,3cuvd9,RomyTono,5,Fri Jul 10 23:36:31 2015 UTC,"Lol, I got called out once for posting a 30 fps video instead of 60 fps one, people complain about anything :p  That's interesting tho.  Looks like the wind box redirected the melon and sped it up, very strange!"
sm4sh,3cuvd9,DoctorProfPatrick,1 point,Sat Jul 11 00:25:02 2015 UTC,"Yeah, G&W's upB usually has invincibility, right? Just something pacman can use against him, but only if it's next to G&W when he initiates it."
sm4sh,3cuvd9,mysticcalm,3,Sat Jul 11 05:16:02 2015 UTC,"poor g&w. my brother who is a game and watch main died at 68% to ZSS up-b, and just cried and complained ""why does G&W die so early to everything ;~;"""
sm4sh,3cuvd9,darthluigi36,2,Sat Jul 11 03:09:30 2015 UTC,At least he's heavier than Mewtwo. ;_;
sm4sh,3cuvd9,rcwill10,3,Sat Jul 11 09:35:02 2015 UTC,"Jiggs main here, can confirm. ;-;"
sm4sh,3cuvd9,Ransom-ii,1 point,Sat Jul 11 16:04:49 2015 UTC,"ZSS player here, I think you guys can duck under paralyzer shots and the up b. But yeah sorry but thats our one reliable kill move."
sm4sh,3cu1sm,SplashFire0X,2,Fri Jul 10 19:48:34 2015 UTC,"Dank meme in your title, m8"
sm4sh,3cu1sm,Deefian,3,Fri Jul 10 23:21:31 2015 UTC,kill me pls
sm4sh,3cu1sm,DoctorProfPatrick,3,Fri Jul 10 23:35:51 2015 UTC,me too thanks
sm4sh,3cu1sm,abir51,2,Sat Jul 11 00:56:02 2015 UTC,You hit so far into the base of the sword that it wasn't even a part of the sword anymore
sm4sh,3cu1sm,Amadeuswololo9,1 point,Sat Jul 11 16:28:41 2015 UTC,Yoshi's hitbox was extended by his forward smash...
sm4sh,3cu1sm,Look_at_,2,Fri Jul 10 20:38:25 2015 UTC,I tried doing this again in training with the same characters and nothing happened.
sm4sh,3cu1sm,Look_at_,1 point,Fri Jul 10 20:49:15 2015 UTC,I might have been the yoshi in that clip lol.
sm4sh,3cu1sm,jkelly422,1 point,Fri Jul 10 23:45:45 2015 UTC,is your name lorena?
sm4sh,3cvc4m,trooperstorm,7,Sat Jul 11 02:06:18 2015 UTC,"Pretty damn cool, but this isn't Smash 4. Doesn't really belong in this sub"
sm4sh,3cvc4m,MrBoobieBuyer,0,Sat Jul 11 04:36:32 2015 UTC,"i know i was tired when i posted this and went to the wrong reddit, whoops!"
sm4sh,3cvc4m,javiarreola99,2,Sat Jul 11 12:39:25 2015 UTC,You should post this in /r/smashbros ! It's really awesome.
sm4sh,3co5e4,Gr4peGr4y,3,Thu Jul 9 12:41:41 2015 UTC,glorious!
sm4sh,3co5e4,trooperstorm,3,Thu Jul 9 14:16:59 2015 UTC,much thanks :n)
sm4sh,3co5e4,Maxman33,2,Thu Jul 9 19:37:18 2015 UTC,Thank you dearest brother of MintyGreen
sm4sh,3co5e4,Bratinn,1 point,Fri Jul 10 03:36:20 2015 UTC,"Hey, that's me!"
sm4sh,3ct8dy,Bentendo644,7,Fri Jul 10 16:13:01 2015 UTC,hes clearly just a kid... dont be rude
sm4sh,3ct8dy,i_am_Toru,6,Fri Jul 10 16:29:57 2015 UTC,"seconded.    Plus the ""worst fox player""  took a stock.  Haven't seen a jiggs run into that many smash attacks ever."
sm4sh,3ct8dy,firebert6,6,Fri Jul 10 16:58:21 2015 UTC,You're better than hbox
sm4sh,3ct8dy,FusRoBlah,6,Fri Jul 10 18:53:15 2015 UTC,"Should probably take the video down and all that since apparently you're not recognizing that it's not funny and just makes you look like a dick. Especially since I think you're gonna be embarrassed about doing it later on.   Also, at least he's playing Fox, and not like, Link or Shulk or something."
sm4sh,3ct8dy,AnimerandaRights,-2,Fri Jul 10 19:49:21 2015 UTC,"hey dude i know you didnt mean any offense to this kid, i found it kind of funny. its funny to face new players online in for glory, i toy with them as well or go for hard reads and stuff. people need to understand that your only joking and didnt mean to make this guy feel bad or anything."
sm4sh,3ct8dy,mysticcalm,-1,Sat Jul 11 03:18:00 2015 UTC,I agree with you
sm4sh,3ct8dy,firebert6,-6,Sun Jul 12 02:09:02 2015 UTC,I'm not that good with jigglypuff and I was toying with him.
sm4sh,3cotww,LSXAndrew,1 point,Thu Jul 9 16:03:27 2015 UTC,Ultimate disrespect move.
sm4sh,3cnicr,trigaderzad2606,1 point,Thu Jul 9 07:36:51 2015 UTC,As a Gannon main I could feel the excitement building to the second one. I felt like I was there.
sm4sh,3cnicr,iSquids,1 point,Thu Jul 9 11:47:51 2015 UTC,Ian pls
sm4sh,3cnicr,Cheesygoodness1,1 point,Fri Jul 10 07:04:20 2015 UTC,I wish the 3ds version had 02's theme.
sm4sh,3ckv1i,trigaderzad2606,3,Wed Jul 8 18:22:12 2015 UTC,It's not nice to pick on the mentally challenged.
sm4sh,3chpx2,BeigeMonkfish,4,Wed Jul 8 00:16:25 2015 UTC,Double jump at the ledge and hope they fuck up; got it.
sm4sh,3chpx2,eskimobob117,1 point,Wed Jul 8 16:04:54 2015 UTC,"Not only do I love love looove when this happens, I love love looove when it happens against Mario."
sm4sh,3chpx2,trigaderzad2606,2,Wed Jul 8 15:57:32 2015 UTC,Somwthing about down throw to up b makes me exceed sodium from my every pore. It's so free.
sm4sh,3cf82y,w4rf4re,9,Tue Jul 7 13:18:01 2015 UTC,Fucking savage
sm4sh,3cf82y,IamPotatoChips,5,Tue Jul 7 15:33:07 2015 UTC,Damn dude hahah
sm4sh,3cf82y,crlfromen,6,Tue Jul 7 17:42:07 2015 UTC,Ouchie
sm4sh,3cf82y,L0pat0,4,Tue Jul 7 18:15:34 2015 UTC,"Part of me wishes he had gone for the spike, but this is still by far the best Dr. Mario play I've ever seen."
sm4sh,3cf82y,eskimobob117,4,Tue Jul 7 20:09:43 2015 UTC,Doc doesn't have a spike
sm4sh,3cf82y,disturbedfan65,3,Tue Jul 7 21:45:07 2015 UTC,"His fair doesn't spike like Mario's? I know that the regular hitbox sends them horizontally, but I thought there was a spike hitbox."
sm4sh,3cf82y,eskimobob117,2,Tue Jul 7 22:19:23 2015 UTC,"Nah, Dr. Mario's ""dunk"" has always sent people up."
sm4sh,3cf82y,Dapplegonger,3,Tue Jul 7 22:28:33 2015 UTC,"Damn, just goes to show how little I play the good doctor."
sm4sh,3cf82y,eskimobob117,3,Tue Jul 7 22:33:08 2015 UTC,He is really fun. He's actually my secondary
sm4sh,3cf82y,disturbedfan65,2,Tue Jul 7 23:50:36 2015 UTC,Roy's gonna need Dr. Mario to patch him up after that.
sm4sh,3ch00t,Juar99,3,Tue Jul 7 21:01:01 2015 UTC,"I feel you on the matchmaking element. Too often I find myself slaying newbie after newbie, or being slain time and again by pros. Finding someone of an appropriate caliber is quite rare; and I feel like that feeling is often mutual for them, as our matches might continue for an hour+ once we find one another."
sm4sh,3ch00t,omnimoogle,1 point,Wed Jul 8 16:48:51 2015 UTC,Equal match is so tense. Pro match makes me salty. Newbular matches make me wanna make them git gud
sm4sh,3ch00t,Cheesygoodness1,3,Fri Jul 10 07:15:03 2015 UTC,this couldnt be more exact
sm4sh,3ch00t,mysticcalm,0,Sat Jul 11 03:25:53 2015 UTC,Its amaze
sm4sh,3ch00t,Cheesygoodness1,2,Sat Jul 11 03:32:34 2015 UTC,I totally agree. Even when I have a great connection I rarely get a completely lag-free match
sm4sh,3ch00t,Tom484848,-2,Thu Jul 9 01:06:52 2015 UTC,"It's your internet provider's fault, not Nintendo's. A lot of people don't have this problem"
sm4sh,3ch00t,Maeno-san,2,Wed Jul 8 02:33:05 2015 UTC,I can play any other game with no lag issues is the internet requirement just that intensive?
sm4sh,3cbqzy,awsom17,6,Mon Jul 6 17:57:16 2015 UTC,dang that c. falcon could have survived if it had done its recovery and not its side b.
sm4sh,3cbqzy,SkepticShoc,3,Mon Jul 6 23:18:36 2015 UTC,I messed up.
sm4sh,3cbqzy,Cheesygoodness1,3,Tue Jul 7 03:00:18 2015 UTC,All captains do... :'(
sm4sh,3cbqzy,stiryfoam,1 point,Fri Jul 10 07:18:39 2015 UTC,BNF
sm4sh,3cbqzy,h0neyfr0g,3,Tue Jul 7 01:58:03 2015 UTC,"this is fairly common. he hit your shine, not you."
sm4sh,3cbqzy,h0neyfr0g,5,Mon Jul 6 18:50:06 2015 UTC,There were no shines in this video.  The two hitboxes that clashed came from Falco's Falco Phantasm (Side B) which Meteor Smashes and My Captain Falcon's Knee (Forward Aerial)
sm4sh,3cbqzy,How_can_i_eat_it,6,Mon Jul 6 19:05:43 2015 UTC,"my mistake, i meant phantasm."
sm4sh,3cbfhk,Deefian,2,Mon Jul 6 16:32:42 2015 UTC,Make sure your game is up to date as they recently had a small update.
sm4sh,3cbfhk,cliffordtaco,2,Mon Jul 6 17:04:35 2015 UTC,"It is, I've just purchased some DLC and everything was in order. It will connect sometimes, but only in like 1 time out of a hundred.  (Also, who is downvoting everything here, even your comment was downvoted.)"
sm4sh,3c95go,martzfartz,1 point,Mon Jul 6 01:39:00 2015 UTC,Air wobble FTW
sm4sh,3c8vil,SkepticShoc,2,Mon Jul 6 00:06:51 2015 UTC,Great video! Invest in a capture card if you can
sm4sh,3c8vil,crlfromen,1 point,Mon Jul 6 02:48:06 2015 UTC,Lol rekt m9
sm4sh,3c774e,mysticcalm,1 point,Sun Jul 5 14:54:26 2015 UTC,Is there a prize? O.o
sm4sh,3c774e,xxKillerCrocxx,1 point,Sun Jul 5 16:06:25 2015 UTC,unfortunately there is not :( This is only my second Online Tournament I'm hosting so I do not have any money or support for a prize. However Doubles is a lot of fun! There's a reason why I chose to make it a doubles tournament!
sm4sh,3c774e,discforhire,1 point,Sun Jul 5 18:55:09 2015 UTC,Team attack on
sm4sh,3c774e,FusRoBlah,1 point,Sun Jul 5 16:28:54 2015 UTC,yep Team Attack is on just like it was in CEO and Apex!
sm4sh,3c774e,CosmosNarwhalZzz,1 point,Sun Jul 5 18:53:44 2015 UTC,Signed up!
sm4sh,3c90ts,Y05H1M4U5,2,Mon Jul 6 00:55:59 2015 UTC,"You may have a lot of timeouts if you do 3 stocks 6 minutes. Usually, from what I've seen, it's either 2 stocks 6 minutes or 3 stocks 8 minutes"
sm4sh,3c90ts,Snesstor,2,Mon Jul 6 01:10:54 2015 UTC,"Alright, I'll make it 3 stocks 8 minutes."
sm4sh,3c5dhx,NRMamba,4,Sat Jul 4 23:22:01 2015 UTC,We don't tech those.
sm4sh,3c6rdf,EZReddit,1 point,Sun Jul 5 11:07:28 2015 UTC,"I like it cuz this little Mac knows his place. On the ground lol. In all seriousness I've seen some excellent off-stage little Mac players, I just found it amusing to see him quick dropping back onto the stage once he got airborne or anywhere near the edge of the stage."
sm4sh,3c7lb6,UltraNick5,3,Sun Jul 5 17:17:03 2015 UTC,"Am I an idiot, or is the link missing?"
sm4sh,3c7lb6,DJJohnson49,2,Mon Jul 6 01:45:08 2015 UTC,He didn't say it was guaranteed
sm4sh,3c7lb6,Maeno-san,1 point,Wed Jul 8 02:34:16 2015 UTC,Dude it is guaranteed! Just click the link over 9000 times and you'll see the combo.
sm4sh,3c7lb6,Cheesygoodness1,2,Fri Jul 10 07:20:18 2015 UTC,Cool
sm4sh,3c56wn,avaliantheel,1 point,Sat Jul 4 22:13:36 2015 UTC,"Don't have advice for the matchup, since I don't play Rosalina. AFAIK, you can't utilt out of dash, but you can get an up smash with the timing right. I find its about the same as a pivot smash, so it's mostly just practice. Alternatively, you could try a jump cancelled up smash, which I feel is a bit easier to pull off."
sm4sh,3c56wn,Castingdoom,2,Sat Jul 4 22:30:25 2015 UTC,Wow I didn't even know that there was such a technique as jump cancelled up smash.  Time to hit practice mode.  Thanks for the tip!
sm4sh,3c56wn,Castingdoom,1 point,Sun Jul 5 04:34:40 2015 UTC,"Depending which console you're playing on, I can help with practicing! Shoot me a message, I generally play 3ds more than wii u, but if I've the time, I'm good for both!"
sm4sh,3c56wn,Look_at_,1 point,Sun Jul 5 06:06:48 2015 UTC,In smash 4 you can just hit up on the c-stick and you will do a running up-smash. No need to even jump cancel it. The only time you really need to JC usmash is when you are doing it out of shield.
sm4sh,3c56wn,Hommushardhat,1 point,Sun Jul 5 06:30:35 2015 UTC,I only have a gamepad and the gamepad almost always registers my c-sticks while I'm running as dashes.
sm4sh,3c56wn,chrome_gnome,1 point,Sun Jul 5 12:24:12 2015 UTC,"You can up tilt out of a slow run I think, so you kinda do the full dash then slide the control Stick to somewhere inbetween neutral and full tilt.. You'll know you've done it if your character runs on the spot at the edge rather then going off it (I think this is true, I'm away without my smash atm so I can't test it tho)"
sm4sh,3c468f,Ryukred,1 point,Sat Jul 4 16:35:33 2015 UTC,"There's a wall there, that he bounced off of. Not a glitch"
sm4sh,3c468f,Kevinar,-1,Sat Jul 4 20:58:05 2015 UTC,"There's a wall there, that he bounced off of. Not a glitch"
sm4sh,3c468f,Kevinar,-4,Sat Jul 4 20:59:32 2015 UTC,"That looks like the old ""wectoring"" glitch that Wario had. I wonder if it has to do with your DI and the trade."
sm4sh,3c468f,Tritone_Sub,2,Sat Jul 4 20:10:35 2015 UTC,"Nah, there's just a wall there. You can see it in the background approaching the foreground."
sm4sh,3c5fyz,Dashdylan,2,Sat Jul 4 23:48:53 2015 UTC,Next step: git gud.
sm4sh,3c5fyz,Oshtoby,1 point,Sun Jul 5 02:17:30 2015 UTC,I just tried to get all the achievements
sm4sh,3c5fyz,Starsmustshoot,1 point,Sat Jul 4 23:52:50 2015 UTC,Is there a list somewhere?
sm4sh,3c5fyz,Starsmustshoot,1 point,Sat Jul 4 23:54:41 2015 UTC,"Yeah, just have a look around the game, you'll find them..I think they are called 'challenges' in smash"
sm4sh,3c5fyz,Starsmustshoot,1 point,Sat Jul 4 23:59:35 2015 UTC,Thanks man!
sm4sh,3c5fyz,Starsmustshoot,1 point,Sun Jul 5 00:40:25 2015 UTC,"Good luck, some of them are solid!"
sm4sh,3c4pu6,awsom17,1 point,Sat Jul 4 19:34:09 2015 UTC,"Not bad, are you an Ike main? Iâ€™m an Ike main and Iâ€™d love to play against another Ike :p"
sm4sh,3c4pu6,Shenanigansgoingonev,-1,Sun Jul 5 02:46:22 2015 UTC,"He's more of a secondary, though he's kinda fallen rusty sonce i haven't practiced with a proper controller as of recently"
sm4sh,3c4pu6,Cheesygoodness1,1 point,Sun Jul 5 05:32:17 2015 UTC,I could feel the salt from P2
sm4sh,3c1hp5,Ryukred,5,Fri Jul 3 22:07:16 2015 UTC,Charizard obviously
sm4sh,3c1hp5,megadisco,4,Fri Jul 3 23:03:33 2015 UTC,I shudder to think how long that would have continued if not for Wispy cutting in.
sm4sh,3c1hp5,KilosunWS,3,Sat Jul 4 04:01:14 2015 UTC,I'd say about 4 and a half minutes.
sm4sh,3c1hp5,samili,3,Sat Jul 4 05:42:12 2015 UTC,Looks like the tree won.  ...the tree always wins
sm4sh,3c1hp5,el_toastradamus,2,Sat Jul 4 05:51:07 2015 UTC,Wispy Woods
sm4sh,3bxx1r,MobinMan,11,Fri Jul 3 01:51:24 2015 UTC,"Run and shield, great offensive/defensive options. Be patient and respect arials. Getting more than 2 hits out of a grab/hit is very uncommon, so don't go too ham.  Falcon is really good. In the edge, up tilt spikes. Dthrow to upair combos from 0 to 60. Grounded upair to knee true combo. Dair at 60% true combo to knee. Dash attack and dash grab can heavily punish a tech read because there it has so much range. And jab. The gentleman is so good and confirms at basically all percents. (You can hold A, and if it connects it will auto the gentleman.)  As for DI, just DI in the way that you're hit. Don't trust anything. There have been some rumors about how to DI, but after testing and research of a bunch of people. The replaced DI for what people now call vectoring.  Hope it helps some! Fell free to ask any questions.   Edit: forgot to explain DI"
sm4sh,3bxx1r,unchartedcubes,5,Fri Jul 3 02:13:08 2015 UTC,"Um, what? Since when was DI was replaced? From what I understand, SDI is barely in this game. DI still exists in the same way as Melee, and vectoring is in the horizontal direction as well. Can you please provide a source for that?"
sm4sh,3bxx1r,Dapplegonger,2,Fri Jul 3 04:02:05 2015 UTC,"Watch this video, this guy explains it really well.   https://www.youtube.com/watch?v=PnqgfP7vrTs  You might actually be dying earlier the way you DI now."
sm4sh,3bxx1r,unchartedcubes,3,Fri Jul 3 05:53:28 2015 UTC,"I watched that video before, and the results are what I said in my post. DI still exists as in Melee, vectoring just masks it in the horizontal direction. DI was never replaced, and SDI is actually weaker now than it used to be to the point of it being negligible."
sm4sh,3bxx1r,Dapplegonger,1 point,Fri Jul 3 18:00:15 2015 UTC,Maybe I'm just not understanding what you're saying. My apologies.
sm4sh,3bxx1r,unchartedcubes,2,Fri Jul 3 18:30:46 2015 UTC,"If you're familiar with melee as well, could you explicitly say the mechanics changes? Like now from what I've seen I think you can jump after airdodging? Can you also use attacks out of airdodges?  And since ledge-hogging isn't a thing, how the heck do you edgeguard?  And finally for now, when you say DI in the way that you're hit, I've interpreted that in two ways  *1 You DI IN the direction you're hit. As in if you're forward smashed to the right of the screen, you DI right as well? Cause that sounds like crazy talk.  or  *2 You DI INTO the way you're hit, as in DI left when you're smashed right.  Thanks for the response, very much appreciated.  I'll probably have more questions as well."
sm4sh,3bxx1r,Emyks,4,Fri Jul 3 03:58:38 2015 UTC,"There's 2 kinds of DI in Sm4sh AFAIK.  If you are hit vertically (up or down), the best way to DI is melee-style, perpendicular (left or right) to influence the direction.  When hit horizontally (left or right), there is a mechanic called 'vectoring' which allows you to input a direction, and that direction is added to the existing knockback.  What this means is if I am hit to the right of the stage, and I input up, I'll still get knocked back pretty far, but slightly upwards.  Conversely, if I DI directly left, towards the stage, it reduces the knockback, keeping me safe.  If you're hit up/down, go left/right.  If you're hit left/right, DI to the stage, with some minor up/down adjustments."
sm4sh,3bxx1r,mayonnnnaise,1 point,Fri Jul 3 05:14:13 2015 UTC,"Thanks for this explanation, as I have been playing since release day of 64, but stopped playing for a long time after brawl and forgot how to DI. and I hadn't figured it out again on sm4sh yet."
sm4sh,3bxx1r,SuperSpicyBasil,2,Fri Jul 3 10:46:12 2015 UTC,With edge game one of the most welcome editions is you can just walk of edge.  For example Mario can intercept an enemy below ground level with a f-air and still have room to recover.
sm4sh,3bxx1r,unchartedcubes,1 point,Fri Jul 3 04:03:53 2015 UTC,"Yes, air dodging no longer puts you into a free falling mode. As long as you don't air dodge lag into the ground, you can do anything after air dodging. Also, you can no long air dodge in a specific direction. You can change your falling momentum left or right during the air dodge, but it's not super noticeable. This leads to aid dodging being MUCH more affective in this game opposed to melee, so use it, but don't get to predictable because people can really punish a read air dodge. (i.e As a falcon main myself, if I read an air dodge near the edge, I can kill someone at 60-70% off the side which is a really early kill in Sm4sh.  If you are smashed right, hold left. If you're smashed up, hold down. Ect. The only time you DI away is to stop being comboed, obviously. Don't DI in if you're getting Sheik faired. There are more complicated DI to stop some true combos on people like Diddy and Sheik, but I'm not sure how in-depth you want to go in your research. Probably don't need to at this point in time. For now, just DI out when you know you won't die from a hit.  This is a great video that explains the misconception about Sm4sh DI, along with how it works: https://www.youtube.com/watch?v=PnqgfP7vrTs  You can ledge trump by ""Stealing"" the ledge and you can act appropriately. You only get invincibility from the first time you grab the edge, so if you trump and they attempt to go back to the ledge you can get an easy stage spike.   Edit: /u/SuperSpicyBasil, also made a good point. Some recoveries have a little hit box on certain frames that put them above the ledge that can be hit with some moves, but that's only some."
sm4sh,3bxx1r,unchartedcubes,1 point,Fri Jul 3 05:52:18 2015 UTC,"Also, I can help you with anything on Yoshi, Captain Falcon, Diddy Kong, and Ryu. (Ryu obviously less than the others. He's new and really complicated)"
sm4sh,3bxx1r,DoctorProfPatrick,3,Fri Jul 3 05:56:40 2015 UTC,"This ended up being longer than I wanted.  tl;dr, falcon is a good choice to learn the game even though his ground game will feel clunky.  SHFFLing is bad, blockstun is gone, hitstun is much lower, and buffering is a thing and you should take advantage of it to be frame perfect on almost everything.  Just something to add, treat everyone like they have melee Luigi's nair.  If you go in too hard, people will just hit you away because of the low hitstun.  So just like with melee Luigi you want to bait the ""nair"", beat the ""nair"", or space in such a way that ""nair"" can't connect.  You also have to bait and/or beat out airdodge since it's so non-committal now (you don't go into free fall).   This makes the game less about combos and more about stage control and positioning.  When you go for an attack, make sure that it's not a huge commitment otherwise the opponent could easily turn the tide on you.  As far as characters, no one is going to feel great to you.  Not because of wave dashing, dash dancing, l-cancelling, or even your inability to combo.  The things I think about when switching games are SHFFLing, blockstun, and buffering.  I'll use falcon as an example since I'll likely recommend him to you.   SHFFL: it's completely gone.  You now have to autocancel your aerials (SHAC?), but not every aerial can be auto canceled and almost none can be FF into auto cancel.  Falcon has a strict window to autocancel nair and upair, but bair will easily autocancel out of short hop, and IIRC you can bair another falcon and still autocancel it.  Blockstun: Also basically removed in this game.  There is almost no safe shield pressure in the game (Falcon's upair is safe in something like a 2 frame window supposedly).  If someone hits your shield and doesn't cross you up, you can almost certainly shield grab or Upsmash OoS (sidenote: upsmash OoS works the same way as melee).  It still takes 7 frames to drop shield tho, so don't expect tilts OoS to work too well.  Buffering:  This is big!!  Buffering isn't often talking about, but abusing the buffer is necessary to play at a high-top level.  It's hard to tell with smash4, but brawl had a 10 frame buffer which allows you to ""buffer"" a move, so that it comes out on the first available frame.  For example: let's say I'm a Luigi and I want to do Luigi's patented d-throw double fair.  During the down-throw, I input jump while Luigi is standing up from slamming his ass down during the down throw, then I input fair as he's standing around idly at the end of down throw, then I input the second fair when he's pulled his hand back from the first fair.  In melee, Luigi would've done absolutely nothing until I realized that I mess up, but in Smash 4 I just did a frame perfect d-throw double fair.  I know it sounds stupid, but there's no reason not to take advantage of it.  Buffering the first fair isn't always a good idea, but this is just an example."
sm4sh,3bxx1r,DoctorProfPatrick,2,Fri Jul 3 07:05:46 2015 UTC,"Thanks, that was seriously amazing. As far as buffering goes, should I be trying to do it with everything? If I play purely on reaction or what I think would be frame-perfect in melee will I just be playing slow and not getting the follow-ups I need?"
sm4sh,3bxx1r,the_real_waldo_,1 point,Fri Jul 3 14:03:16 2015 UTC,"You'll probably do fine even if you totally ignore the concept, but if you actually plan on getting good you should try to work it in.  Either way you'll feel slow and annoyed by the lack of follow ups :p  At first, try buffering out of roll or spotdodge.  As Falcon, spotdodge into jab is a solid tool that most people can't punish on reaction.  You should also buffer almost all of your SHAC, especially nair (as Falcon).  Other than that, you won't really notice an extra frame or two, so it's not worth the headache until you start to do it more subconsciously."
sm4sh,3bxx1r,SomewhatCanadian,0,Fri Jul 3 20:33:59 2015 UTC,"In case you like Fox/Falco, they can now side-B --> Up-B (and I'm pretty sure vice-a-versa)"
sm4sh,3bwjjb,Ryukred,3,Thu Jul 2 19:04:35 2015 UTC,Respect
sm4sh,3bwjjb,LegoKiva,2,Thu Jul 2 22:10:14 2015 UTC,haha nice!
sm4sh,3bwjjb,RoxalRugal,1 point,Fri Jul 3 05:25:10 2015 UTC,Explicit/Censored
sm4sh,3c08ob,EZReddit,1 point,Fri Jul 3 16:18:31 2015 UTC,Does smash even run in 4k?
sm4sh,3c08ob,crlfromen,2,Fri Jul 3 18:05:42 2015 UTC,"No, it's a colossal waste of time rendering in anything beyond 1080p60."
sm4sh,3c08ob,xMazz,2,Fri Jul 3 22:00:45 2015 UTC,that's what i thought
sm4sh,3c08ob,crlfromen,1 point,Fri Jul 3 22:26:00 2015 UTC,"If you look at his submitted history, OP wants to know a program that can render output at 8k. Talk about wasting bandwidth and disk space!"
sm4sh,3c08ob,Deefian,1 point,Sat Jul 4 12:23:49 2015 UTC,"Christ ._. I don't think anything even runs at 8k yet. Maybe in a few years that might be somewhat useful, but right now it's not at all. Especially not for Smash."
sm4sh,3bt84l,Ryukred,5,Wed Jul 1 23:19:08 2015 UTC,"You filthy scoundrel, my penis has risen."
sm4sh,3bu7ym,eventide_dystopia,8,Thu Jul 2 04:49:34 2015 UTC,"Best source of information would be www.smashboards.com. It's a forum based website with information about everything from frame data to tier lists.  On top of that, I suggest subbing to /r/crazyhand as that's a sub revolving around the development of new players.  Lastly, follow RushHourSmash on YouTube. They post inspirational combo videos, tech guides, and theories about Smash 4 that really get you in the right mindset.  Honorable mention: Follow ClashTournaments and VGBootcamp on YouTube and watch matches from the top players from tournaments like Smash'N'Splash, CEO, Apex 2015, etc to see top players from all over the world playing their respected games in high pressure situations. It will help form an idea of how to play!  By the way I am a commentator in the Chicago scene by the name of Mixwell. You're more than welcome to follow me on Twitter and ask any questions at any time. You can seach: ghq | Mixwell to find me!  Of course, all of this information is USELESS if you aren't playing with real people! I suggest using smashboards to find local tournaments and players nearby to help develop your skills!"
sm4sh,3bu7ym,Maxman33,2,Thu Jul 2 05:46:31 2015 UTC,"Hey, thanks for the awesome reply and the links, I really do appreciate you taking some time out to help me. I'll check all of this out!"
sm4sh,3bu7ym,Maxman33,1 point,Thu Jul 2 06:14:50 2015 UTC,Not a problem! If you have any other questions let me know!!
sm4sh,3bu7ym,i_am_Toru,2,Thu Jul 2 17:52:08 2015 UTC,www.smashladder.com  thats what got me into competitive smash 4
sm4sh,3bu7ym,bluedanes,1 point,Thu Jul 2 15:05:56 2015 UTC,"To add on to what the others said, search on Facebook for local smash groups, or a smash group for your state/region. If it's active, they might be posting events for local tournaments or smashfests."
sm4sh,3bt0hv,stiryfoam,14,Wed Jul 1 22:18:40 2015 UTC,hes got some series lag on his moves. take advantage of that and attack.  he usually initiates with side b. block or roll while hes running towards you.  taunt after every kill. because fuck roy
sm4sh,3bt0hv,i_am_Toru,4,Wed Jul 1 22:55:30 2015 UTC,"""Because fuck roy""  This is why I main Koopa Roy. :)"
sm4sh,3bt0hv,CanoeShoes,8,Thu Jul 2 01:37:05 2015 UTC,As someone who plays Roy I'd say wait for either side b (be ready for that multi hit down variation) or the short hop nair. Shield through those and punish however you can. Roy is a character that you have to play aggressively with to be effective (that could just be my play style) so just be patient and wait for a wiff or one of his many laggy moves. For me if you can shut down my approach with nair or fair then it ruins my day. Anyway hope that helps!
sm4sh,3bt0hv,JosephGlover,7,Wed Jul 1 23:59:22 2015 UTC,Gimp his recovery. Knock him off the stage and go out after him.
sm4sh,3bt0hv,madcanard5,2,Thu Jul 2 00:16:08 2015 UTC,"Treat him like he doesn't actually have a sword, it's so ineffective unless you get hit right up in there."
sm4sh,3bt0hv,Jmore5099,1 point,Thu Jul 2 03:14:16 2015 UTC,My heart sinks every time I get a tipper with Roy. I'd rather just miss...
sm4sh,3bt0hv,JosephGlover,2,Thu Jul 2 14:35:38 2015 UTC,"Don't give him time to do anything.  You need to constantly barage him whilst faking him out so he counters and leaves himself open.  There is no point trying to play defensive it does not take much for him to knock you out, you gotta burn him down."
sm4sh,3bt0hv,CanoeShoes,1 point,Thu Jul 2 01:36:30 2015 UTC,It helps to use a character with more aerial range. Then just space him properly. if he's only hitting you with sour spots you are going to be around for a while.
sm4sh,3bt0hv,L0pat0,1 point,Thu Jul 2 14:48:24 2015 UTC,"Don't roll into him or put your character on him, cause that's where his sword sweetspot is (the hilt.) Just play safe and punish his laggy moves.  Also his recovery sucks so you can gimp it."
sm4sh,3bt0hv,twistacles,1 point,Thu Jul 2 15:35:12 2015 UTC,Be mario and d throw to up tilt. It is a free 40 percent.
sm4sh,3bt0hv,cranck,1 point,Thu Jul 2 17:46:00 2015 UTC,Play as Roy Koopa and spam projectiles.
sm4sh,3bt0hv,Jafoob,1 point,Fri Jul 3 16:05:25 2015 UTC,"I'd say it depends on your main. If you main a projectile based character: (Link, Duck Hunt, Samus) just camp him. If you play a Close Quarters character (Captain Falcon, Mario, ZSS) just rush him and overpower him."
sm4sh,3bt0hv,rcwill10,1 point,Thu Jul 2 01:17:20 2015 UTC,Link and Samus especially. Just send out some projectiles wait for them to jump in and if they mess the spacing up just grab punish. I just got reckt by a Samus that did that.
sm4sh,3bprtb,vinspants,2,Wed Jul 1 04:13:03 2015 UTC,That was a creative offensive string. Good job!
sm4sh,3bprtb,Katsken,1 point,Thu Jul 2 21:09:01 2015 UTC,Thanks!
sm4sh,3bprtb,carni_,2,Fri Jul 3 01:23:20 2015 UTC,Nope.  Not a rage quit
sm4sh,3bprtb,embarissed,0,Wed Jul 1 05:47:39 2015 UTC,Although its not in the gif...he spawned and walked off the stage. The clip more accurately shows the moment he gave up
sm4sh,3bprtb,Cheesygoodness1,4,Wed Jul 1 06:00:51 2015 UTC,"Nah, good combo, but rage quit is most definitely when they disconnect, and you imagined them slamming their 3ds closed or against a wall."
sm4sh,3bprtb,Jafoob,4,Wed Jul 1 13:46:41 2015 UTC,Fair enough fair enough
sm4sh,3bq954,Greninjasheik1,2,Wed Jul 1 07:22:30 2015 UTC,Send us some clips of your For Glory battles and we'll critique them.
sm4sh,3bq954,Be-Cleve,1 point,Wed Jul 1 12:15:47 2015 UTC,"If you need help it's best for us to know a few more things, like who do you play, how do you play, where are you current skills technically, etc. We can give you advice but with video if your play we can give you better advice"
sm4sh,3bq954,Jshauk,0,Wed Jul 1 22:13:29 2015 UTC,how do i get a video from smash to here? its not like i can pull the data from the game and i don't have a capture device
sm4sh,3bpm47,MrTriHorse,4,Wed Jul 1 03:20:44 2015 UTC,"I can't kill him off stage because he recovers with him really well and makes it almost impossible to kill him.   Once you launch him off of the stage, because of his shitty aerials it is much easier to combo off-stage, and you can just wall him out so he can't get back to the stage no matter what. Get him horizontally away from the stage, that is when he is the most helpless. This obviously works best with characters with more than two jumps, Jigglypuff being the best for this situation imo."
sm4sh,3bpm47,Arkeat,2,Wed Jul 1 04:18:59 2015 UTC,Who do you play as? Try to bait him by throwing out a safe attack and punish him when he reacts.
sm4sh,3bpm47,vinspants,1 point,Wed Jul 1 04:20:24 2015 UTC,"I main Pikachu, Pit, and Bowser Jr.  I know about Pit's down B gimp but I don't do that very often because I feel like that's just unfair."
sm4sh,3bpm47,vinspants,1 point,Wed Jul 1 14:16:10 2015 UTC,Yo! All those characters have projectiles.  Force an approach with them OR shoot them out while your bro is offstage for a quick and safe kill.
sm4sh,3bpm47,vinspants,1 point,Wed Jul 1 15:44:18 2015 UTC,"Other people have told me about the projectiles thing. I guess I can start trying to do that, I was just never a fan of ""spamming"" projectiles, but as a Little Mac you probably are gonna have to come towards the player since he doesn't have any other option. Thanks!"
sm4sh,3bpm47,Sipricy,2,Wed Jul 1 18:26:43 2015 UTC,Well if he's just planning on standing around I dont see a problem with it. Good luck!
sm4sh,3bpm47,Cheesygoodness1,1 point,Wed Jul 1 18:32:14 2015 UTC,Do the thing that wins games.
sm4sh,3bpm47,bassturtle77,1 point,Fri Jul 3 01:56:40 2015 UTC,Wut dat?
sm4sh,3bpm47,Iwannaupvotetesla,2,Fri Jul 10 07:29:49 2015 UTC,range is always an option
sm4sh,3bpm47,SuperSpicyBasil,2,Wed Jul 1 06:06:05 2015 UTC,"Little Macs thrive on the flat Omega stages. Once you force them off-stage or up in the air they have very few options.  I feel like Mario would be a fantastic counter to little Mac. Fireballs to force him to approach, Cape and F.L.U.D.D off-stage to gimp him."
sm4sh,3bpm47,uemtux,2,Wed Jul 1 07:34:05 2015 UTC,"His aerials are not only shit, but have shit priority (n-air is so-so).  Play Dedede or Jigglypuff and just wall the Fuck out of him.  I'm a Dedede main.  I literally just fought a Little Mac in For Glory one minute ago and I'm taking a smoke break.  Fuck him up good."
sm4sh,3bpm47,firebert6,1 point,Wed Jul 1 08:05:46 2015 UTC,"Try ZSS, it's a great MU for little mac, lots of fairs, nairs, zairs when he's approaching, lure him into a throw and juggle, or down-b spike him when he's trying to recover onto the stage - try backthrow off the edge to spike, it's easy to pull off and I've killed lots of Macs with it."
sm4sh,3bpm47,maulice,1 point,Wed Jul 1 07:56:01 2015 UTC,"I saw in a comment reply that you main pikachu. (I also main pika)  If you have any mains or secondaries with a projectile there is no reason to approach. You have a move that can do damage from a distance and you said yourself that you can't approach this guy.....why are you even trying?  Use tjolt from a distance until he comes to you.    Also, from how you worded your post, it sounds like you have your brother conditioned to wait for you to approach.  It sounds to me like you will approach no matter what if he waits long enough.  So again I have to ask.....why aren't you using tjolt to pressure him until he approaches?  I promise you he won't be patient enough for you to tjolt him to kill percents.  Without a projectile of his own the burden of approach is always on him."
sm4sh,3bpm47,MrBoobieBuyer,1 point,Wed Jul 1 15:16:58 2015 UTC,"I guess Thunder Jolting him repeatedly to get him to approach is smart, I usually am accustomed to approaching him when he uses Little Mac because he is pretty darn patient and could wait there for quite a while. At some point I end up getting impatient and then go at him which results in me not being able to find any openings when he uses his jab and other really good shield poking moves."
sm4sh,3bm9pe,Ryukred,2,Tue Jun 30 10:45:39 2015 UTC,Is that a custom move you've got for you b down?
sm4sh,3bm9pe,crlfromen,2,Tue Jun 30 15:29:23 2015 UTC,Yup
sm4sh,3bm9pe,How_can_i_eat_it,1 point,Tue Jun 30 15:46:54 2015 UTC,Brutal. This hurt to watch.
sm4sh,3bov0b,EZReddit,1 point,Tue Jun 30 23:07:02 2015 UTC,Why would you upload this in 4K?
sm4sh,3bgmeu,SmhWowBro,7,Mon Jun 29 01:27:46 2015 UTC,As an Ike main this makes me happy.
sm4sh,3bgmeu,kevinmbt,5,Mon Jun 29 07:09:50 2015 UTC,as a player who dislikes sonic and diddy... this made me happy
sm4sh,3bgmeu,h0neyfr0g,4,Mon Jun 29 13:38:38 2015 UTC,I'm sorry but that first ko was total bs. The Diddy was just abusing the walk off. And you could see him going for it again as soon as the Ike respawned
sm4sh,3bgmeu,tealzombie,1 point,Mon Jun 29 20:54:56 2015 UTC,"Smh seems like a bit of a tierwhore, and this Pain dude keeps taking him down with a classic Ike"
sm4sh,3bgmeu,BeagleBagelWhatever,1 point,Tue Jun 30 04:39:37 2015 UTC,https://youtu.be/L-Flx7fffio?t=55s  https://youtu.be/L-Flx7fffio?t=91s  cool
sm4sh,3b9mkn,Jmore5099,3,Sat Jun 27 02:50:03 2015 UTC,"The 2v2 glitch, the floor drop glitch, and now this?  Pac-Man is like the old bastard they took out of a retirement home and is just having a giggle by not taking Smash seriously and fucking with the youngsters.  The guy never stops smiling and brought a fire hydrant to a fight.  To him this is just money for old rope."
sm4sh,3b9mkn,SuperSpicyBasil,2,Sat Jun 27 12:26:47 2015 UTC,I posted this on /r/Smashbros but I think this sub will be more interested.
sm4sh,3b9mkn,creepingorion,2,Sat Jun 27 02:50:58 2015 UTC,What exactly is happening here? The only thing I really notice is Pac-Man's mouth not appearing during his dash attack.
sm4sh,3b9mkn,stiryfoam,1 point,Sat Jun 27 18:11:21 2015 UTC,"All of his ""OG"" form attacks were like that, I wish I would've checked to see if his side taunt was affected as well, but as you can see, I was locked in a room with a very aggressive monkey man, so it was a little hard to concentrate."
sm4sh,3b9mkn,stiryfoam,1 point,Sat Jun 27 18:34:57 2015 UTC,So what's the glitch?
sm4sh,3b9mkn,stiryfoam,1 point,Sat Jun 27 20:42:32 2015 UTC,"His mouth is glued shut in all his Retro form attacks, making him look like a big yellow ball"
sm4sh,3b9dx9,events2compete,1 point,Sat Jun 27 01:26:36 2015 UTC,Man I would so join but I can't even get into semis at my school
sm4sh,3b9dx9,discforhire,1 point,Sat Jun 27 01:38:19 2015 UTC,The best way for you to improve is to play with the best and go out to as many tournaments as possible. Almost every player in the top 30 in the state attends the E2C monthlies.
sm4sh,3b9dx9,discforhire,1 point,Sat Jun 27 02:08:04 2015 UTC,Does the tournament start with pools? And how much is it to get in?
sm4sh,3b0gq0,Mafumofu,8,Wed Jun 24 23:48:24 2015 UTC,"The current state if competive play, like if one character starts doing well and becomes prominent in the meta"
sm4sh,3b0gq0,gnarwallman,2,Wed Jun 24 23:53:59 2015 UTC,That helps. Thank you!
sm4sh,3b0gq0,Amazing_Kong,4,Thu Jun 25 00:10:56 2015 UTC,"In addition to this, often people will refer to a single character's meta.  This refers to how that character is used in competitive play."
sm4sh,3b0gq0,TheGreatTrogs,4,Thu Jun 25 00:30:46 2015 UTC,"The term ""meta"" refers to a level of abstraction encompassing something.  The term ""meta-data"" refers to data describing a piece of data, such as the data size, location, and format.  In the same way, ""meta-game"" refers to ""game"" surrounding a game.  Where the game of SSB is figuring out how to fight against characters with your own character, the meta-game would be deciding which character is best at fighting against another character."
sm4sh,3b0gq0,Mitchiro,9,Thu Jun 25 13:55:08 2015 UTC,"Not only pertaining to this game, but the ""meta"" refers to a level of play beyond the casual, usually when it comes to competitive play.  In Smash for instance, when you play in a party setting, it's usually free for all, items on, chaos everywhere. The competitive scene usually plays one on one with no items, so in order to beat your opponent, you need to deeply understand all mechanics of the game, any advanced techniques that are discovered, your character inside and out, as well as your opponent's characters the same.  To use Pokemon as another example, a casual battle would probably include you using your favorite and most leveled Pokemon, maybe thinking about type to cover some weaknesses. The meta involves selectively catching and breeding Pokemon with certain abilities/Natures in order to maximize the stats they excel in, and building a team with defined roles in order to cover weaknesses most efficiently. Again, the big thing is knowing the ins and outs of the game mechanics and using them to their full potential."
sm4sh,3b0gq0,Mitchiro,2,Thu Jun 25 00:41:26 2015 UTC,"It seems difficult to get that in depth level of understanding for each character in this game, there being so many of them. I main Charizard and Falco and know the ins and outs very well, but with other characters I'm a little lost. Would the best way to learn the specifics be to play other characters a lot?"
sm4sh,3b0gq0,bluedanes,5,Thu Jun 25 07:55:07 2015 UTC,"Play with them, and be sure to play against them as well. I think one thing that makes it easier is to fully understand the mechanics in the game, and know which moves you need to watch out for on each character. Once you have that deep level of understanding, the game becomes all about trying to figure out what you're opponent is going to (or bait them into doing certain things) and counter accordingly without leaving yourself open for the same."
sm4sh,3b0gq0,SuperSpicyBasil,3,Thu Jun 25 12:13:36 2015 UTC,"If you're interested in getting better on a competitive level, try and find out if there is a local smash scene by you. Attending offline tournaments is really great for improving yourself, especially because you will most likely be able to play against people better than you, and help gain matchup experience."
sm4sh,3axq2f,Guardianangel93,4,Wed Jun 24 10:01:41 2015 UTC,I personally think you use way too many smash attacks and aerials.  You're really easy to read.  You should be using utilt and dtilt to combo more.
sm4sh,3axq2f,Phnglui,5,Wed Jun 24 13:00:23 2015 UTC,"I agree, Ryu's tilts all around are fantastic.    Work on finding tilts that combo into smash attacks.  For example Utilt combos into itself about 3 times and then into Shoryuken.  I know there are others that people have found and probably some that people haven't figured out yet.    Lastly, imo, the thing that makes you easy to read is that you always went for the aggressive option.  I think you did a good job mixing up your attacks but when you are always coming in with an attack it doesn't really matter if you mix up the attacks themselves.  You will always get beaten by shield grab in those scenarios. If you added some empty hops and tomahawks to your gameplay I think that would really step your Ryu up a notch or two."
sm4sh,3axq2f,firebert6,1 point,Wed Jun 24 14:36:12 2015 UTC,"Thanks for the advice, but approaching with Ryu on the ground isnÂ´t always easy. His dash attack isnÂ´t really safe and his grab range is almost non existant in a dash. Will try some new things tho :)"
sm4sh,3axq2f,Phnglui,4,Wed Jun 24 19:27:40 2015 UTC,"Why approach all the time?  Unless you're playing against a ranged spammer, your hadouken means that you can force them to approach.  Go in slow and use hadouken until you're in range, and then you can come in with your tilts or jabs (don't forget that there's a difference between a tap and hold on all of your moves).  Coming in with a nair isn't a bad idea but you need to switch it up with other moves sometimes, since you get predictable fast.    Over reliance on smash attacks is bad because once your opponent realizes you use them often, they can just run up and shield your smash attacks, then punish you every time.  Your bread and butter combos are going to be utilt -> utilt -> shoryuken and dtilt -> dtilt -> hadouken.  Your utilt and dtilt both cancel into other moves."
sm4sh,3axq2f,Phnglui,1 point,Wed Jun 24 22:23:01 2015 UTC,"Thats just my playstyle, to approach all the time. I donÂ´t want to sit and wait for my opponent to come to me. Looking at pro fights, thats what they are doing too. They both go at each other all the time.  Okay, so less Smash attacks and more mixups ^"
sm4sh,3asx6w,menkoy,15,Tue Jun 23 06:35:08 2015 UTC,The timing on Shulk's counter gets stricter the more it's used.
sm4sh,3asx6w,jojorobo,4,Tue Jun 23 15:43:49 2015 UTC,That's what I heard as well.
sm4sh,3asx6w,stiryfoam,5,Tue Jun 23 18:40:54 2015 UTC,"Came here to say this, lucky timing caused charizard to hit just as the counter ended due to over use"
sm4sh,3asx6w,Mafumofu,4,Wed Jun 24 21:40:35 2015 UTC,Pretty sure that's a custom.
sm4sh,3asx6w,ambi94,10,Tue Jun 23 16:19:19 2015 UTC,"Nah, the normal gets stricter, too. Power Vision makes it even more strict the more you use it in exchange for power."
sm4sh,3asx6w,Uswervename,0,Tue Jun 23 21:53:17 2015 UTC,"Does...does that go for all counters, or just his?"
sm4sh,3asx6w,InsaneDrunkenAngel,2,Wed Jun 24 18:56:06 2015 UTC,Just his.
sm4sh,3asx6w,Uswervename,3,Wed Jun 24 19:25:37 2015 UTC,I could be wrong as I don't play with customs.
sm4sh,3asx6w,jojorobo,3,Tue Jun 23 16:21:14 2015 UTC,I just know Shulk has power vision which has the property you mentioned.
sm4sh,3asx6w,ambi94,3,Tue Jun 23 20:03:43 2015 UTC,Could it have something to do with the explosion that occurs just after the initial impact?
sm4sh,3asx6w,Cubelord,1 point,Tue Jun 23 15:56:22 2015 UTC,I think it does because unless you time it perfectly on Ike's or Marth's counter they get slammed too.
sm4sh,3arx32,Samzapp,4,Tue Jun 23 00:45:15 2015 UTC,The TTGL music made it so much better.
sm4sh,3arx32,JaggedToaster12,3,Tue Jun 23 16:57:56 2015 UTC,Don't grab at when your opponent is at high % as Fox. It will just charge up their rage.
sm4sh,3arx32,jojorobo,1 point,Tue Jun 23 01:52:54 2015 UTC,"I would have quit. But starting tomorrow, I'm gonna just do it."
sm4sh,3arx32,Gold_Jacobson,1 point,Tue Jun 23 03:31:39 2015 UTC,"I loved the video editing.  Made me laugh, nice stage spike too."
sm4sh,3arx32,IRspookery,1 point,Fri Jul 3 00:59:54 2015 UTC,That Fox is garbage
sm4sh,3arx32,Kaffei4Lunch,0,Tue Jun 23 04:52:19 2015 UTC,"A reminder to just fucking Up Smash, you noob fox."
sm4sh,3arx32,BigSmashy,0,Tue Jun 23 02:42:12 2015 UTC,The retarded Fox had about 87392694 opportunities for a free kill due to the not-as-retarded Bowser landing with laggy moves so much. But good editing job I guess.
sm4sh,3as360,smccai15,5,Tue Jun 23 01:39:19 2015 UTC,I main Dedede and can't even begin to use any swordsmen. Being able to screw around on the edge and recover is important for me.
sm4sh,3as360,IKindaLikeFish,3,Tue Jun 23 02:41:59 2015 UTC,Yoshi is my main
sm4sh,3as360,Cidalfos,2,Tue Jun 23 02:43:03 2015 UTC,"I rotate between Ryu, Mega Man, Falcon, Greninja, Charizard, Marth, Ike, Roy, Robin, ZSS, Samus, Gannondorf, Zelda, Link. Usually in that order, Zelda is my worst, my best by w/l on 3DS is Samus, then Link. On Wii U Link has the highest w/l almost 2/1. (And I don't spam projectiles either, I think that throws people off) Don't often use anyone else as these 14 keep me plenty busy. But my B list is Luigi DK and Bowser. If someone actually plays through my list I might throw those at them."
sm4sh,3as360,Mango_Fett,2,Tue Jun 23 03:01:43 2015 UTC,Main is  Little Mac.  Worst is Peach.
sm4sh,3as360,ChibiSheep,2,Tue Jun 23 04:48:40 2015 UTC,"My main is Peach, and I would say little mac is my worst! That challenge of beating the game without losing a stock with little mac, I struggle so bad even on a super easy difficulty"
sm4sh,3as360,trigaderzad2606,2,Tue Jun 23 10:25:04 2015 UTC,"Mains in order: Ganondorf, Lucas, Toon Link, Yoshi.  I'll dabble with: Sheik, Charizard, DDD, Mewtwo, DK, and Ryu and Roy because they're new.  I'll never play: Mario (out of spite/hatred), Peach, Rosaluma, Diddy, Pit/DP, Fox/Falco, ROB, Olimar, Marth/Lucina, Robin, Pac Man, Mega Man, and Sonic.  The I'll never plays are just because I don't like or know them and don't expand far out of my main fighters. I used to only do Ganon and Toon Link, then tried Yoshi for a bit, and now Lucas is my dominating second in command."
sm4sh,3as360,MrBoobieBuyer,2,Tue Jun 23 17:09:23 2015 UTC,"I'm best with Villager, DDD, and Bowser Jr  I'm trash with Mewtwo and Lucas but I still like to play as them"
sm4sh,3as360,avaliantheel,2,Tue Jun 23 19:57:01 2015 UTC,"Noob at the game, but my mains are Rosalina, Toon Link, Villager.  Characters I play frequently just to have fun are Jigglypuff, Kirby, and Falcon.  Don't really have anyone I refuse to play."
sm4sh,3as360,AshiChry,1 point,Wed Jun 24 14:33:04 2015 UTC,"hmm, it seems like your mains are very heavily zone based characters. Have you tried ROB, Duck Hunt, or maybe Bowser Jr?"
sm4sh,3as360,avaliantheel,1 point,Wed Jun 24 16:39:05 2015 UTC,A little bit but not more than 5 times each over the span of 7 months.
sm4sh,3as360,AshiChry,1 point,Wed Jun 24 17:50:55 2015 UTC,maybe give em a try if youre looking for some new characters to try out
sm4sh,3as360,beywiz,2,Thu Jun 25 00:40:42 2015 UTC,"Best- Roy, Ganon. I'm not really bad with anyone- but I don't like to spam projectiles so Samus/links are hard."
sm4sh,3as360,00Nothing,2,Wed Jun 24 15:44:16 2015 UTC,"Main - Mega Man  Higher tier character I play a lot and should probably main - Sonic  Worst - Spacies and Swordies (No wonder I stopped playing Melee)  I like Mega Man because I've learned to overcome most characters' defensive styles which are so popular on FG... and because he's freakin' Mega Man! Sonic, on the other hand, I can use better against my fellow overly aggressive players much better."
sm4sh,3as360,Mafumofu,2,Wed Jun 24 21:51:42 2015 UTC,"I'm a Charizard main (I know, right?) And I play a little Falco and Megaman as well. I'd have to say my worst characters are D.K. and Palutena."
sm4sh,3as360,codyxwillyumz,1 point,Wed Jun 24 21:52:58 2015 UTC,"I rotate between Olimar, Mewtwo, Ike, Link, Robin, Jigglypuff, Ness, and Shulk.  I'll never play Toon Link because Link has been here forever and he truly feels like a smash bros veteran to me. Toon Link has a lot going for him, but his moveset variations just doesn't feel right. Won't Play Meta Knight because of the stigma from Brawl.   I used to never ever play Lucas, but I bought him, and you can tell they put in a great deal of work to make him feel like his own. Ness still rules tho."
sm4sh,3as360,Nicacarda,1 point,Wed Jun 24 17:13:39 2015 UTC,I main Ness and I can't play Little Mac.  Personally i prefer the air.
sm4sh,3as360,OriginalMann,1 point,Fri Jun 26 06:41:17 2015 UTC,"Main is Ike, with subs of Mario, Lucina, Meta Knight, and Little Mac. Worst with PAC MAN, G&W, Wii Fit.."
sm4sh,3as360,Mryoshi22,1 point,Fri Jun 26 08:08:24 2015 UTC,Meta knight best jigglypuff worst chacter ever cause of the worst final smash ever blowing up into a baloon basically
sm4sh,3as360,JosephGlover,1 point,Mon Jun 29 12:47:46 2015 UTC,My mains are Ganon and Roy. I ha-ha-hate playing as sonic. Too fast for me. Really any speedy character is tough for me to use.
sm4sh,3as8b3,Ofishillyasian,2,Tue Jun 23 02:23:23 2015 UTC,"I got a USB to Ethernet adapter for my WiiU. It helps a lot, I have issues rarely. With people changing names to taunt is childish, I let my gameplay speak for itself. You can't stop people from being cunts"
sm4sh,3as8b3,free_mustacherides,2,Thu Jun 25 14:22:14 2015 UTC,Just because you're not on a bad connection doesn't mean your opponent isn't.
sm4sh,3as8b3,a_non-e_moose,1 point,Fri Jun 26 14:16:54 2015 UTC,Clearly it's not superb internet?   Is your router and WiiU close together? How is your ping? Do you check the location of your opponents after match?
